corrected_name,Category
109084002ALT) Натяжитель ремня ГРМ,вспомогательная деталь для ремня
109100004) Кожух ремня Г.Р.М. (верхний),вспомогательная деталь для ремня
>> 1.21195 ремень 13x1375,ремень
>> 1.21195 ремень клин. 13x1375,ремень
>> 1.21200 ремень 13x1150,ремень
>> 1.21211 ремень клин. 13x1250,ремень
>>12.5X2500 ремень вентилятора,ремень
145048009ALT) Ремень клиновый (10 x 730),ремень
17x1445 Ремень клиновой,ремень
17x875 Ремень клиновой,ремень
17x890 Ремень клиновой,ремень
17x900 Ремень клиновой,ремень
17x915 Ремень клиновой,ремень
17x925 Ремень клиновой,ремень
17x945 Ремень клиновой,ремень
17x975 Ремень клиновой,ремень
1 комплект клиновых ремней,набор деталей
1 комплект натяжных ремней,набор деталей
1 комплект ограничителя язычка длятрехточ. ремня безопасности,набор деталей
>> 2020 7333 натяжитель ремня,вспомогательная деталь для ремня
>> 2.15226 рычаг натяжителя ремня,вспомогательная деталь для ремня
2-й ремень прав,ремень
36x1213 Ремень вариатора,ремень
"3-точечный автомати. ремень безопасн., натяжитель ремня и ограничит. усилия натяжения",набор деталей
"3-точечный автомати. ремень безопасн., натяжитель ремня и ограничит. усилия натяжения, achat-soul",набор деталей
"3-точечный автомати. ремень безопасн., натяжитель ремня и ограничит. усилия натяжения, alabaster (белый)",набор деталей
"3-точечный автомати. ремень безопасн., натяжитель ремня и ограничит. усилия натяжения, cream",набор деталей
> 534 0340 10 натяжитель ремня,вспомогательная деталь для ремня
>> 535 0077 10 шкив натяжителя ремня,вспомогательная деталь для ремня
>> 5.41402 ремень 13x1025,ремень
>> 5.41403 ремень клин. 13x1275,ремень
>> 5.41408 ремень клин. 13x1000,ремень
>>6.31600 КОМПЛЕКТ ремней 2шт10x1275,набор деталей
6-точечный ремень,ремень
Базовая опора щитка ремня безопасности прав,вспомогательная деталь для ремня
"Loctite 8005 400ml_Спрей для ремней: предотвращает проскальзывание, увеличивает срок службы",другая деталь
"CONTITECH {HONDA, LANCIA NISSAN, SMART} РЕМЕНЬ ПОЛ",ремень
"CONTITECH {SUZUKI VITARA, BALENO 96 } РЕМЕНЬ ПОЛИК",ремень
"CONTITECH {TOYOTA AVENSIS, CAMRY} РЕМЕНЬ ПОЛИКЛИНО",ремень
БАЛКА ДЛЯ РЕМНЕЙ БЕЗОПАСНОСТИ / 4-POINT,вспомогательная деталь для ремня
БАЛКА ДЛЯ РЕМНЕЙ БЕЗОПАСТНОСТИ ,вспомогательная деталь для ремня
Балка КреплениЯ РемнЯ безопасности.,вспомогательная деталь для ремня
,
Блок вариаторной передачи  avt  jf1-cvb03-av. jf011e. re0f10a '08-'13 - шкивы   ремень   крышка,набор деталей
Блок вариаторной передачи  avt  jf1-cvb05-av. jf011e. re0f10a '07-'13 - шкивы   ремень   крышка,набор деталей
"БЛОК УПРАВЛЕНИЯ И ЭЛЕКТРОДВИГАТЕЛЬ, В СБОРЕ, НАПРАВЛЯЮЩАЯ, ПРИВЯЗНОЙ РЕМЕНЬ, Л/С",набор деталей
"БОЛТ, АНКЕРНАЯ ПЛАНКА РЕМНЯ БЕЗОПАСНОСТИ ПЕРЕДНЕГО сидениЯ, НАТЯЖИТЕЛЬ",вспомогательная деталь для ремня
Блок управления ремнями безопасности,другая деталь
Блок управления ремнями безопасности (в сборе),другая деталь
Болт A крышки ремня ГРМ,вспомогательная деталь для ремня
Болт B крышки ремня ГРМ,вспомогательная деталь для ремня
Болт General Motors  Болт внутренней крышки ремня ГРМ,вспомогательная деталь для ремня
Болт HYUNDAIKIA  натяжителя ремня кондиционера ACCENT,вспомогательная деталь для ремня
"БОЛТ, M10 X 25, АНКЕРНАЯ ПЛАСТИНА ПРИВЯЗНОГО РЕМНЯ, ПОЛ",вспомогательная деталь для ремня
"БОЛТ, M10 X 25 ДЛЯ КРЕПЛЕНИЯ РЕМНЯ ДЕРЖАТЕЛЯ ЗАПАСНОГО КОЛЕСА",вспомогательная деталь для ремня
"БОЛТ, M10 X 55, РОЛИК НАТЯЖЕНИЯ ПРИВОДНОГО РЕМНЯ ГАЗОРАСПРЕДЕЛИТЕЛЯ",вспомогательная деталь для ремня
Болт крепления ремня безопасности сидения 2-го ряда,другая деталь
"БОЛТ,КРОНШТЕЙН НАТЯЖТ РЕМНЯ ГРМ",вспомогательная деталь для ремня
"БОЛТ,НАТЯЖИТ РЕМНЯ БЕЗОПАСНОСТИ ПАСС/СИД - RH",вспомогательная деталь для ремня
"Болт регулировочный M6, натяжение ремня генератора",вспомогательная деталь для ремня
"БОЛТ, УСТРОЙСТВО РЕГУЛИРОВКИ РЕМНЯ БЕЗОПАСНОСТИ ПЕРЕДНЕГО сидениЯ",вспомогательная деталь для ремня
БОЛТ ФИКС РЕМНЕЙ Б,вспомогательная деталь для ремня
"БОЛТ,промежуточный шкив РЕМНЯ ГРМ",вспомогательная деталь для ремня
"ВИНТ, ЗАСТЕЖКА ПРИВЯЗНОГО РЕМНЯ",другая деталь
"ВИНТ, ЗАСТЕЖКА ПРИВЯЗНОГО РЕМНЯ, БОКОВОЙ, КОМПЛЕКТ",набор деталей
"ВИНТ, ЗАСТЕЖКА ПРИВЯЗНОГО РЕМНЯ, ВНУТРЕННИЙ",вспомогательная деталь для ремня
"ВИНТ, ЗАСТЕЖКА ПРИВЯЗНОГО РЕМНЯ, СИДЕНИЕ ВОДИТЕЛЯ",вспомогательная деталь для ремня
"ВИНТ, ЗАСТЕЖКА ПРИВЯЗНОГО РЕМНЯ, ЦЕНТРАЛЬНЫЙ, КОМПЛЕКТ",набор деталей
"ВИНТ, ., КРЕПЛЕНИЕ ПРИВЯЗНОГО РЕМНЯ",вспомогательная деталь для ремня
Винт крепления ремня,вспомогательная деталь для ремня
"ВИНТ, КРОНШТЕЙН, ПРОМЕЖУТОЧНЫЙ ШКИВ ПРИВОДНОГО РЕМНЯ",вспомогательная деталь для ремня
"ВИНТ, НАПРАВЛЯЮЩАЯ РЕМНЯ, СИДЕНИЕ ВОДИТЕЛЯ, Л/С",вспомогательная деталь для ремня
Винт направляющей ремня,вспомогательная деталь для ремня
"ВИНТ, НАТЯЖИТЕЛЬ ПРИВОДНОГО РЕМНЯ",вспомогательная деталь для ремня
"ВИНТ, С ГОЛ. ПОД ТОРЦ. КЛЮЧ., 7/16 X 20, ЗАМОК ПРИВЯЗНОГО РЕМНЯ",вспомогательная деталь для ремня
"ВИНТ, С КРУГЛ. ГОЛ., 7/16"" X 41, СКОЛЬЗЯЩИЙ ШТОК РЕМНЯ БЕЗОПАСНОСТИ К ПАНЕЛИ ПОРОГА",вспомогательная деталь для ремня
"ВИНТ, СО СФЕРИЧЕСКОЙ ГОЛ., M5 X 12, ЗАСТЕЖКА РЕМНЯ БЕЗОПАСНОСТИ, ЦЕНТРАЛЬНЫЙ",вспомогательная деталь для ремня
"ВИНТ, СПЕЦИАЛЬНЫЙ, НАТЯЖИТЕЛЬ, ПРИВОДНОЙ РЕМЕНЬ ГРМ",вспомогательная деталь для ремня
"ВИНТ, НАТЯЖНОЙ ШКИВ РЕМНЯ РАСПРЕДЕЛИТЕЛЯ",вспомогательная деталь для ремня
"ВИНТ, НАТЯЖНОЙ ШКИВ РЕМНЯ РАСПРЕДЕЛИТЕЛЯ, M8 X 37",вспомогательная деталь для ремня
ВЕТВЬ РЕМНЕЙ (TRW),вспомогательная деталь для ремня
ВЕТВЬ С ЗАМКОМ ремня/безопасности С преднатяжителем,вспомогательная деталь для ремня
Вешалка для ремней 50 штук.,вспомогательная деталь для ремня
"ВИНТ, С ФАЛЬЦ.ГОЛ., 7/16"" X 23.5, ПРИВЯЗНОЙ РЕМЕНЬ К РЕГУЛЯТОРУ ВЫСОТЫ",вспомогательная деталь для ремня
"ВИНТ, С ФАЛЬЦ.ГОЛ., 7/16 X 24, ПЛЕЧЕВАЯ НАПРАВЛЯЮЩАЯ ПРИВЯЗНОГО РЕМНЯ",вспомогательная деталь для ремня
"ВИНТ, С ШЕСТИГР.ГОЛ., КРЫШКА ПРИВОДНОГО РЕМНЯ, M6 X 30",вспомогательная деталь для ремня
"ВИНТ, С ШЕСТИГР.ГОЛ., КРЫШКА ПРИВОДНОГО РЕМНЯ, ЗАДНИЙ",вспомогательная деталь для ремня
"ВИНТ, С ШЕСТИГР.ГОЛ., КРЫШКА ПРИВОДНОГО РЕМНЯ, ПЕРЕДНЯЯ ЧАСТЬ, M6 X 18",вспомогательная деталь для ремня
"Внешний кронштейн крепления ремня безопасности заднего сидения, правый (в сборе)",вспомогательная деталь для ремня
Внешний кронштейн ремня безопасности (в сборе),вспомогательная деталь для ремня
Внешний ремень безопасности заднего сидения,ремень
Внешний ремень безопасности переднего сидения,ремень
Водяной насос комплект зубчатого ремня,набор деталей
Водяной насос+комплект зубчатого ремня,набор деталей
Водяной насос + комплект зубчатого ремня Contitech CT870WP2,набор деталей
Водяной насос + комплект зубчатого ремня GRAF KP5721,набор деталей
"ВТУЛКА, 11 MM, ПЕРЕДНЯЯ КРЫШКА ПРИВОДНОГО РЕМНЯ К КАРТЕРУ РАСПРЕДВАЛА",вспомогательная деталь для ремня
"ВТУЛКА, РАСПОРНАЯ, ПРЕДУПРЕДИТЕЛЬНЫЙ ЗУММЕР ПРИВЯЗНОГО РЕМНЯ",вспомогательная деталь для ремня
"ВТУЛКА, РЕМНИ ПЕРЕДНЕГО СИДЕНИЯ",вспомогательная деталь для ремня
"Выключатель с функцией памяти для регул.сиденья: прод.полож, высоты, наклона подушки и спи- нки, положен. ремня безоп. и высоты поясничного подпора",другая деталь
"Выключатель с функцией памятидля регул.сиденья: прод.полож,высоты, наклона подушки и спи-нки, положен. ремня безоп. ивысоты поясничного подпора",другая деталь
"Выключатель с функцией памяти для регул.сиденья: прод.полож, высоты, наклона подушки и спи- нки, положен. ремня безоп. и высоты поясничного подпора, anthrazit",другая деталь
"Выключатель с функцией памяти регулировок прод. положения, высоты и накл. подушки, накл. спинки, поясничного подпора, высоты ремня безопасности и функции массажа, черный satinschwarz",другая деталь
"Выключатель с функцией памяти регулировок прод. положения, высоты, накл.,глубины подушки, накл.и изгиба спинки, подгол., поясничного подпора, высоты ремня безопасности, и функции массажа, anthrazit",другая деталь
"Выключатель с функцией памяти регулировок прод. положения, высоты, накл.,глубины подушки, накл.и изгиба спинки, подгол., поясничного подпора, высоты ремня безопасности, и функции массажа, cornsilkbeige",другая деталь
Гайка заднего ремня безопасности с инерционным блокиратором,вспомогательная деталь для ремня
"ГАЙКА, задн сидениЕ, ЗАПЛЕЧ. КОЛЕНО, ЗАМОК РЕМНЯ БЕЗОПАСНОСТИ",вспомогательная деталь для ремня
"Гайка регулировочная M6, натяжение ремня генератора",вспомогательная деталь для ремня
"ГАЙКА, РЕМЕНЬ ЗАДНЕГО СИДЕНИЯ К БОКОВОЙ ПАНЕЛИ",вспомогательная деталь для ремня
Гарнитура держателя ремня безопасности,вспомогательная деталь для ремня
"Гарнитура , Задние сидения Трубка     Ремень Направляющая",вспомогательная деталь для ремня
Гарнитура отверстия ремня,вспомогательная деталь для ремня
Генератор газель-бизнес дв. умз-4216 (14в. 95а) поликлин. ремень,вспомогательная деталь для ремня
Генератор (для клинового ремня),вспомогательная деталь для ремня
Генератор под клиновой ремень,вспомогательная деталь для ремня
Генератор (поликлиновой ремень),вспомогательная деталь для ремня
"Генератор 12V, 65A, поликлиновой ремень",вспомогательная деталь для ремня
ГИДРОНАТЯЖИТЕЛЬ РЕМНЯ ГРМ,вспомогательная деталь для ремня
Гидронатяжитель ремня ГРМ AUDI A3/A4/A6/TT/SKODA OCTAVIA/VW BORA/GOLF 1.8 95,вспомогательная деталь для ремня
Гидронатяжитель ремня ГРМ AUDI A4/A6 3.0 01,вспомогательная деталь для ремня
ГИДРОНАТЯЖИТЕЛЬ РЕМНЯ ГРМ,вспомогательная деталь для ремня
Гидронатяжитель ремня ГРМ AUDI A3/A4/A6/TT/SKODA OCTAVIA/VW BORA/GOLF 1.8 95,вспомогательная деталь для ремня
Гидронатяжитель ремня ГРМ AUDI A4/A6 3.0 01,вспомогательная деталь для ремня
Дамский ремень,ремень
Ремень поликлиновой () для автомобил Ford Focus III (11-) 2.0i,ремень
Ремень поликлиновой () для автомобил Ford Focus III (11-) 2.0 TDCi,ремень
"Ремень поликлиновой  для автомобил LADA Largus КS0_,RS0_,FSO_ (генерат., для. двигател K4M, K7M с ГУР без кондиц.) (EPDM)",ремень
"Ремень поликлиновой  для автомобил LADA Largus КS0_,RS0_,FSO_ (генератора. для двигател K4M с ГУР и кондиц.) (EPDM)",ремень
"Ролик RUVILLE  приводного ремня CHEVROLET: AVEO Наклонная задняя часть 1.21.4 08-, AVEO седан 1.41.6 05-, CORSA Наклонная задняя часть 1.6 GSI 94-02, KALOS 1.4 16V1.6 05-, KA",вспомогательная деталь для ремня
Ролик RUVILLE  приводного ремня Chrysler Voyager III 2.5CRD 00>. Jeep Cherokee 2.5CRD 00>,вспомогательная деталь для ремня
Ролик RUVILLE  приводного ремня Citroen. Peugeot 1.4-1.6 16V 97>,вспомогательная деталь для ремня
Ролик SKF  натяжной ремня ГРМ,вспомогательная деталь для ремня
Ролик SKF  натяжной ремня ГРМ Audi A4A8 3.0 1100>,вспомогательная деталь для ремня
Ролик натяжителя FEBEST  AUDI A3S3SPORTB.LIM.QU 2004-2013 ролик натяжной ремня кондиционера  #06J903133A,вспомогательная деталь для ремня
Ролик натяжителя FEBEST  AUDI A3S3SPORTB.LIM.QU 2005-2013 ролик натяжителя ремня грм  03L109243F,вспомогательная деталь для ремня
"Ролик натяжителя FEBEST  (BL)  6 (GH) CX-5 (KE)  приводного ремня, отдельно ролик",вспомогательная деталь для ремня
Ролик натяжителя FEBEST  BUICK RAINIER (4WD) 2002-2009 ролик натяжной ремня кондиционера  #12580196,вспомогательная деталь для ремня
Ролик натяжителя FEBEST  CHEVROLET CAPTIVA (C100) 2007-2009 ролик натяжителя ремня грм  90530126,вспомогательная деталь для ремня
"Ролик направляющий поликлиновый ремень lexus gs, gx, ls, lx, sc toyota",вспомогательная деталь для ремня
"Ролик направляющий поликлиновый ремень toyota dyna, hiace iv, hilux vi",вспомогательная деталь для ремня
Ролик направляющий приводного ремня,вспомогательная деталь для ремня
Ролик  направляющий  ремня,вспомогательная деталь для ремня
Ролик направляющий ремня,вспомогательная деталь для ремня
Ролик направляющий ремня вспомогательных агрегатов,вспомогательная деталь для ремня
Ролик направляющий ремня грм,вспомогательная деталь для ремня
Ролик  направляющий    ремня  ГРМ,вспомогательная деталь для ремня
Ролик направляющий ремня ГРМ ,вспомогательная деталь для ремня
РОЛИК НАПРАВЛЯЮЩИЙ РЕМНЯ ГРМ,вспомогательная деталь для ремня
РОЛИК НАПРАВЛЯЮЩИЙ РЕМНЯ ГРМ CHERY,вспомогательная деталь для ремня
РОЛИК НАПРАВЛЯЮЩИЙ РЕМНЯ ГРМ CHEVROLET AVEO SCHRAGHECK(T250,вспомогательная деталь для ремня
РОЛИК НАПРАВЛЯЮЩИЙ РЕМНЯ ГРМ CHEVROLET LACETT1.4/1.6,вспомогательная деталь для ремня
Ролик направляющий ремня ГРМ CITROEN C5/C4/C8/JUMPER/PEUGEOT 307/308/407/807/EXPERT 1.8-2.0 05,вспомогательная деталь для ремня
РОЛИК НАПРАВЛЯЮЩИЙ РЕМНЯ ГРМ CW6W,вспомогательная деталь для ремня
РОЛИК НАПРАВЛЯЮЩИЙ РЕМНЯ ГРМ/FIXED TIGHT,вспомогательная деталь для ремня
РОЛИК НАПРАВЛЯЮЩИЙ РЕМНЯ ГРМ HYUNDAI ACCENT1.5/1.5I/1.6,вспомогательная деталь для ремня
РОЛИК НАПРАВЛЯЮЩИЙ РЕМНЯ ГРМ HYUNDAI LANTRA1.6I/1.8,вспомогательная деталь для ремня
Ролик направляющий ремня ГРМ с болтом,вспомогательная деталь для ремня
Ролик направляющий ремня грм справа,вспомогательная деталь для ремня
РОЛИК НАПРАВЛЯЮЩИЙ РЕМНЯ НАСОСА ГУР,вспомогательная деталь для ремня
Ролик направляющий ремня приводного,вспомогательная деталь для ремня
Ролик направляющий ручейкового ремня,вспомогательная деталь для ремня
Ролик натежной вентиляторного ремня регулируемый,вспомогательная деталь для ремня
ролик нат ремня гур gw бензин 491  (маленький) - 3,вспомогательная деталь для ремня
РОЛИК НАТ РЕМНЯ ГУР БЕНЗИН 491 (МАЛЕНЬКИЙ) GW DEER SAFE,вспомогательная деталь для ремня
Ролик нат ремня кондиц,вспомогательная деталь для ремня
ролик нат ремня кондиц  gw бензин 491 (большой),вспомогательная деталь для ремня
ролик нат ремня кондиционера,вспомогательная деталь для ремня
Ролик натяжителя AD  ремень ГРМ (D=70mm  W=38mm)  531025710 INA,вспомогательная деталь для ремня
Ролик натяжителя AD  ремень ГРМ (D=76mm  W=32mm)  532031320 INA,вспомогательная деталь для ремня
Ролик натяжителя AD  ремень ГРМ (D=80mm  W=29mm)  532011110 INA,вспомогательная деталь для ремня
Ролик натяжителя AD  ремень ГРМ (D=80mm  W=34.5mm)  532035510 INA,вспомогательная деталь для ремня
Ролик натяжителя DAEWOO  Натяжитель приводного ремня,вспомогательная деталь для ремня
Ролик натяжителя DAEWOO  обводной ремня ГРМ ORLANDO CRUZE 1.61.8 DOHCAVEO T255 1.41.6 DOHCOPEL ASTRA HMOKKA РОЛИК РЕМНЯ ГРМ           ,вспомогательная деталь для ремня
Ролик натяжителя DAEWOO  ремня ГРМ ORLANDO 1.8CRUZE 1.61.8AVEOOPEL,вспомогательная деталь для ремня
Ролик натяжителя DAEWOO  Ролик натяжения ремня ГРМ,вспомогательная деталь для ремня
Ролик натяжителя FEBEST  AUDI A1 2011- ролик натяжителя ремня грм  04E109479A,вспомогательная деталь для ремня
Ролик натяжителя FEBEST  AUDI A2 2000-2005 ролик натяжителя ремня грм  036109243AG,вспомогательная деталь для ремня
Ролик натяжителя FEBEST  AUDI A3S3SPORTB.LIM.QU 2004-2013 ролик натяжителя ремня грм  038109243M,вспомогательная деталь для ремня
Ролик натяжителя FEBEST  MITSUBISHI OUTLANDER CW0# 2006.11-2012.06 [EURMMC-PROD.] ролик натяжителя ремня грм комплект  #1145A042,набор деталей
Ролик натяжителя FEBEST  MITSUBISHI PAJERO JR H57A 1995.10-1998.04 ролик натяжителя ремня грм  MD345075,другая деталь
Ролик натяжителя FEBEST  NISSAN PATROL(GR) Y61 1997.10-2010.03 ролик натяжной ремня кондиционера комплект  11925-22J00,набор деталей
"Ролик натяжителя GMB  ремня ГРМ NI Sunny [1.61.8 ZX] 87-91, Bluebird 89-90, REN Messenger (FN40B7FN60F8FN60F5) дизель 96-99",вспомогательная деталь для ремня
Ролик натяжителя GMB  ремня ГРМ Opel AstraVectra 1.7TD 92>,вспомогательная деталь для ремня
Ролик натяжителя GMB  ремня ГРМ Renault ClioMegane 1.21.4 0191>,вспомогательная деталь для ремня
Ролик натяжителя GMB  ремня ГРМ Renault. Mitsubishi. Volvo 1.9DTD  92>,вспомогательная деталь для ремня
"Ролик натяжителя GMB  ремня ГРМ VW Passat [32,32B,3A2]T4VentoGolf I-III",вспомогательная деталь для ремня
Ролик натяжителя HONDA  Civic  Fit  Jazz (08-)  приводного ремня,вспомогательная деталь для ремня
Ролик натяжителя honda  приводного ремня,вспомогательная деталь для ремня
Ролик натяжителя HSC  252814A000 KIA SORENTO 2.5 DSL прив ремня,вспомогательная деталь для ремня
Ролик натяжителя HSC  252862B010 CeratoCeed Elantra приводного ремня,вспомогательная деталь для ремня
Ролик натяжителя HYUNDAIKIA  2528127400 приводного ремня HYUNDAI TUCSONSANTA FESONATAMAGENTISCERATO,вспомогательная деталь для ремня
Ролик натяжителя HYUNDAIKIA  252814A000 KIA SORENTO 2.5 DSL прив ремня,вспомогательная деталь для ремня
Ролик натяжителя HYUNDAIKIA  Carnival NF Sonata (2004-)GRANDEUR TG 05 (2005-) приводного ремня,вспомогательная деталь для ремня
Ролик натяжителя HYUNDAIKIA  CeratoCeed Elantra приводного ремня,вспомогательная деталь для ремня
Ролик натяжителя HYUNDAIKIA  KIA SORENTO 2.5 DSL прив ремня,вспомогательная деталь для ремня
Ролик натяжителя HYUNDAIKIA  Mobis Product Line 2  CeratoCeed Elantra приводного ремня,вспомогательная деталь для ремня
Ролик натяжителя HYUNDAIKIA  балансировочного ремня,вспомогательная деталь для ремня
Ролик натяжителя HYUNDAIKIA  ведомый приводного ремня IX55,вспомогательная деталь для ремня
Ролик натяжителя HYUNDAIKIA  натяжения приводного ремня,вспомогательная деталь для ремня
"Ролик натяжителя HYUNDAIKIA  натяжения ремня ГРМ 96- S98-02 S2.4L H-100, H-100 GZL, SANTAMO, SNT SOHC, SON",вспомогательная деталь для ремня
Ролик натяжителя HYUNDAIKIA  натяжения ремня ГРМ MAGENTISSON EFTCSNTRAJET 2.5-2.7 (2004-),вспомогательная деталь для ремня
Ролик натяжителя HYUNDAIKIA  натяжения ремня ГУ TRC 2.9,вспомогательная деталь для ремня
"Ролик натяжителя HYUNDAIKIA  натяжения ремня кондиционера 2,5-3,0 XG 2.5L",вспомогательная деталь для ремня
"Ролик натяжителя HYUNDAIKIA  натяжения ремня кондиционера RIO NEW DOHC, RIO-3",вспомогательная деталь для ремня
Ролик натяжителя HYUNDAIKIA  натяжения ремня кондиционера XG 3.0,вспомогательная деталь для ремня
Ролик натяжителя HYUNDAIKIA  натяжения ремня кондицтонера SORN,вспомогательная деталь для ремня
Ролик натяжителя HYUNDAIKIA  НАТЯЖИТЕЛЯ ПРИВОДНОГО РЕМНЯ TUCSON 2.0 (2006-)ELANTRAi30MATRIXSPORTAGE (2007-)CEED (2009-)SOUL,вспомогательная деталь для ремня
"Ролик натяжителя INA  поликлинового ремня VW: BORA 2.3 V5  2.8 V6 00-05, SHARAN 2.8 V6 00-, SEAT: TOLEDO 2.3 V5 01-06",вспомогательная деталь для ремня
"Ролик натяжителя INA  поликлинового ремня кондиционера BMW: 3 E46 3.0D M57 98-03, 5 E39 2.5D3.0D M57 98-03, 7 E38 3.0D M57 98-01",вспомогательная деталь для ремня
Ролик натяжителя INA  приводного ремня,вспомогательная деталь для ремня
Ролик натяжителя INA  приводного ремня BMW E90E91 1.8d-3.0d 04>,вспомогательная деталь для ремня
Ролик натяжителя INA  приводного ремня CHEVROLET,вспомогательная деталь для ремня
Ролик натяжителя MITSUBISHI  ремня кондиционера COLT Z25A правый руль,вспомогательная деталь для ремня
Ролик натяжителя приводного ремня RENAULT LOGAN (без кон.),вспомогательная деталь для ремня
Ролик (шкив) натяжитель приводного ремня,вспомогательная деталь для ремня
Ролик (шкив)  натяжитель приводного ремня (безопасности натяжитель),вспомогательная деталь для ремня
Ролик (шкив) натяжителя приводного ремня (с натяжителем),вспомогательная деталь для ремня
Ролик (шкив) промежуточный ремня верхний,вспомогательная деталь для ремня
РОЛ НАТЯЖ РЕМНЯ НАСОСА СИС ОХЛ,вспомогательная деталь для ремня
Рукав для ремней,вспомогательная деталь для ремня
РУКОЯТКА РЕГУЛИРОВКИ ПОЛОЖЕНИЯ РЕМНЯ БЕЗОПАСНОСТИ,вспомогательная деталь для ремня
Рук.по установке ремня крепления багажа,вспомогательная деталь для ремня
Ручейковый ремень ребристый,ремень
"РУЧКА,РЕГЛТР НАПРАВЛ ПЛЕЧЕВОГО РЕМНЯ ВОДИТ/С",вспомогательная деталь для ремня
"РУЧКА,РЕГЛТР НАПРАВЛ ПЛЕЧЕВОГО РЕМНЯ ПАСС/С",вспомогательная деталь для ремня
РУЧКА РЕГУЛИРОВКИ РЕМНЯ БЕЗОПАСНОСТИ,вспомогательная деталь для ремня
РУЧКА РЕГУЛЯТОРА ВЫСОТЫ РЕМНЯ БЕЗОП-И/AD,вспомогательная деталь для ремня
РУЧКА РЕГУЛЯТОРА РЕМНЯ БЕЗОПАСНОСТИ/CAP,вспомогательная деталь для ремня
"РУЧКА, ФИКСАТОР, ПРИВЯЗНОЙ РЕМЕНЬ К ЗАДНЕМУ СИДЕНИЮ, АНТРАЦИТОВЫЙ",вспомогательная деталь для ремня
"РУЧКА, ФИКСАТОР, ПРИВЯЗНОЙ РЕМЕНЬ К ЗАДНЕМУ СИДЕНИЮ, БЕЖЕВЫЙ",вспомогательная деталь для ремня
"РУЧКА, ФИКСАТОР, ПРИВЯЗНОЙ РЕМЕНЬ К ЗАДНЕМУ СИДЕНИЮ, ТЕМНО-АНТРАЦИТОВЫЙ",вспомогательная деталь для ремня
Рым-болт предохранительного ремня,вспомогательная деталь для ремня
"Рычаг-генератор, ремень регистратора",вспомогательная деталь для ремня
Рычаг левого ремня безопасности (в подсборе),вспомогательная деталь для ремня
РЫЧАГ МОНТАЖНЫЙ ДЛЯ ПРИВОДНОГО РЕМНЯ,вспомогательная деталь для ремня
"РЫЧАГ, НАПРАВЛЯЮЩАЯ, ПРИВЯЗНОЙ РЕМЕНЬ, Л/С",вспомогательная деталь для ремня
СТОПОР ЗЕЩЕЛКИ РЕМНЯ БЕЗОПАСН.,вспомогательная деталь для ремня
Стопор коленвала (при замене ремня грм),вспомогательная деталь для ремня
Стопор лев ремня заднего сидения,вспомогательная деталь для ремня
Стопорная пластина ремня,вспомогательная деталь для ремня
Стопорная шайба ремня безопасности переднего сидения с креплением в 3 точках,вспомогательная деталь для ремня
Страховочный ремень для багажа,ремень
"СТЯЖКА, ФИКСИРУЮЩАЯ, ЖГУТ ПРОВОДОВ, ПРЕДУПРЕДИТЕЛЬНЫЙ ЗУММЕР ПРИВЯЗНОГО РЕМНЯ",вспомогательная деталь для ремня
Стяжная гайка для клинового ремня,вспомогательная деталь для ремня
Стяжной ремень,ремень
"Стяжной ремень автовозный (крюк поворотный, три резиновых фиксатора) [L=2,8м прочность на разрыв ленты 6 т.]",набор деталей
"Стяжной ремень автовозный (крюк профильный, три резиновых фиксатора) [L=2,6м прочность на разрыв ленты 6 т.]",набор деталей
Стяжной ремень (крюки для такелажной рейки) [L=4м прочность на разрыв 3 т.],другая деталь
Стяжные ремни контейнера для багажа Вх,другая деталь
Сумка MINI BY PUMA с наплечным ремнем,другая деталь
Сумка volkswagen на ремне,вспомогательная деталь для ремня
Сумка на ремне,вспомогательная деталь для ремня
"Сумка на ремне, anthrazit",вспомогательная деталь для ремня
"Сумка на ремне, onyx",вспомогательная деталь для ремня
"Сумка на ремне, белый",вспомогательная деталь для ремня
"Сумка на ремне, белый/красный",вспомогательная деталь для ремня
"Сумка на ремне, Запрограммированный ключ",набор деталей
"Сумка на ремне, синий",вспомогательная деталь для ремня
"Сумка на ремне, синий/белый",вспомогательная деталь для ремня
"Сумка на ремне, темно-синий",вспомогательная деталь для ремня
"Сумка на ремне, черный",вспомогательная деталь для ремня
Сумка с наплечным ремнем,другая деталь
Сумка с ремнем 100%полиэстэр,другая деталь
Сумка с ремнем a1 100%полиэстер,другая деталь
Сумка с ремнем через плечо,другая деталь
"СХЕМА, ПЕЧАТНАЯ, С ТАЙМЕРОМ СИГНАЛИЗАЦИИ ПРИВЯЗНОГО РЕМНЯ",другая деталь
Сцепление с шкивом клинового ремня,другая деталь
тканевый ремень,ремень
ТРАП РЕМЕНЬ LONG 725-K5,другая деталь
ТРАП РЕМЕНЬ POLY V,другая деталь
"Трехточеч. автомат. ремень безопасн., натяжитель ремня и ограничит. усилия натяжения, alabaster (белый)",другая деталь
"Трехточеч. автомат. ремень безопасн., натяжитель ремня и ограничит. усилия натяжения, denim (синий)",другая деталь
"Трехточеч. автомат. ремень безопасн., натяжитель ремня и ограничит. усилия натяжения, feder (серый)",другая деталь
"Трехточеч. автомат. ремень безопасн., натяжитель ремня и ограничит. усилия натяжения, indigo/черный satinschwarz",другая деталь
Трещетка для натяжения ремня крепления груза ширина 50 мм,другая деталь
Трещотка с зубчатым ремнем лев,другая деталь
Трещотка с зубчатым ремнем прав,другая деталь
Тросик крепления ремня безопасности,вспомогательная деталь для ремня
тросик натяжителя ремня,вспомогательная деталь для ремня
ТРУБКА СМАЗКИ РЕМНЯ ВАРИАТОРА,вспомогательная деталь для ремня
Трубопровод Смазки РемнЯ,вспомогательная деталь для ремня
Тяга крепления ремня безопасности,вспомогательная деталь для ремня
Угловое соединение ремня безопасности,вспомогательная деталь для ремня
Угловое соединение ремня безопасности переднего сидения,вспомогательная деталь для ремня
"Угловое соединение фиксатора ремня безопасности заднего сидения, левый (в подсборе)",вспомогательная деталь для ремня
"Угловое соединение фиксатора ремня безопасности заднего сидения, правый (в подсборе)",вспомогательная деталь для ремня
"УГОЛОК, ФИКСИРУЮЩИЙ, ЗАМОК РЕМНЯ БЕЗОПАСНОСТИ К ПЕРЕДНЕМУ СИДЕНИЮ",вспомогательная деталь для ремня
Удерживающий ремень,ремень
Удерживающий ремень многоместное сидение,ремень
УДЕРЖ. РЕМЕНЬ,ремень
УДЛЕНИТЕЛЬ РЕМНЯ БЕЗОПАСНОСТИ CJD,вспомогательная деталь для ремня
Удлинение ремня безопасности,вспомогательная деталь для ремня
"Удлинение ремня безопасности, satinschwarz/огненно-красный",вспомогательная деталь для ремня
УДЛИНИТЕЛЬ РЕМНЯ БЕЗОПАСНОСТИ,вспомогательная деталь для ремня
"УЗЕЛ РЕМНЯ-НАТЯЖИТЕЛЬ АВАРИЙНОЙ ФИКСАЦИИ,лев сидениЕ",вспомогательная деталь для ремня
УЗЕЛ СРЕД РЕМНЯ БЕЗОПАСНОСТИ,вспомогательная деталь для ремня
Узкий клиновый ремень,ремень
"Указательная табличка, для клинового ремня",вспомогательная деталь для ремня
Упаковка для приводных ремней из негофрированного картона,вспомогательная деталь для ремня
Упаковочная сеть с креп. ремн.,другая деталь
Уплотнение A прав основания ремня безопасности,вспомогательная деталь для ремня
"УПЛОТНЕНИЕ, ВЕРХНЯЯ КРЫШКА ПРИВОДНОГО РЕМНЯ",вспомогательная деталь для ремня
Уплотнение внешней крышки ремня ГРМ,вспомогательная деталь для ремня
"Уплотнение внешней крышки ремня ГРМ, 786 мм",вспомогательная деталь для ремня
Упор.Пласт. РемнЯ Грм Коленвала,вспомогательная деталь для ремня
"УПОР,ПЛЕЧЕВОЙ РЕМЕНЬ",вспомогательная деталь для ремня
УПРУГИЙ РЕМЕНЬ ОТДЕЛКИ БАГАЖН,ремень
Усиление заднего центрального ремня,вспомогательная деталь для ремня
"Усилитель крепления ремня к продольному брусу крыши, внутренний правый",вспомогательная деталь для ремня
Усилитель крепления ремня к средней стойке,вспомогательная деталь для ремня
"УСИЛН А-НАТЯЖИТЕЛЬ РЕМНЯ БЕЗОП, ЗАДН, ЦЕНТР",вспомогательная деталь для ремня
Успокоитель зубчатого ремня,вспомогательная деталь для ремня
"Успокоитель, зубчатый ремень",вспомогательная деталь для ремня
УСПОКОИТЕЛЬ РЕМНЯ,вспомогательная деталь для ремня
Успокоитель ремня ГРМ,вспомогательная деталь для ремня
Устройсто натяжное приводного ремня,вспомогательная деталь для ремня
"Фиксатор автоматического плечевого ремня безопасности, верхний",вспомогательная деталь для ремня
Фиксатор для ремня безопасности,вспомогательная деталь для ремня
Фиксатор заглушки левого ремня безопасности переднего сидения,вспомогательная деталь для ремня
Фиксатор заглушки правого ремня безопасности переднего сидения,вспомогательная деталь для ремня
Фиксатор заднего ремня,вспомогательная деталь для ремня
Фиксатор заднего ремня безопасности,вспомогательная деталь для ремня
"Фиксатор, натяжитель зубчатого ремня",вспомогательная деталь для ремня
"Фиксатор, натяжитель поликлинового ремня",вспомогательная деталь для ремня
Фиксатор ремня безопасности пер,набор деталей
Фиксатор ремня безопасности пер лев,набор деталей
Фиксатор ремня безопасности  (ПЛАС),вспомогательная деталь для ремня
Фиксатор ремня безопасности (серый),вспомогательная деталь для ремня
Фиксатор ремня безопасности  черный,вспомогательная деталь для ремня
"ФИКСАТОР,УКЛАД РЕМНЯ задн сиден - LH",вспомогательная деталь для ремня
"ФИКСАТОР,УКЛАД РЕМНЯ задн сиден - RH",вспомогательная деталь для ремня
ФИКСАТОР УПЛОТНИТЕЛЯ НАРУЖНОГО РЕМНЯ ФОРТОЧКИ,вспомогательная деталь для ремня
Фиксирующий ремень,ремень
Фиксирующий ремень для дефибриллятора ,ремень
Фиксирующий ремень задней панели,ремень
Фиксирующий ремень щита для непрямого массажа сердца,ремень
Фланец ремня привода карданного вала,вспомогательная деталь для ремня
"Фланец шкива ремня распредвала, №1",вспомогательная деталь для ремня
"Фланец шкива ремня распредвала, №2",вспомогательная деталь для ремня
"ФОЛЬГА, ОТВЕРСТИЕ ПРИВЯЗНОГО РЕМНЯ В ЗАДНЕЙ СТОЙКЕ",другая деталь
"ФУТЛЯР, ПРИВЯЗНОЙ РЕМЕНЬ К ЗАДНЕЙ ПАНЕЛИ, ВЕРХНИЙ, БЕЖЕВЫЙ",вспомогательная деталь для ремня
Холостой шкив натяжителя ремня ГРМ,вспомогательная деталь для ремня
Холостой шкив ремня,вспомогательная деталь для ремня
Холостой шкив ремня генератора,вспомогательная деталь для ремня
Хомут ремня безопасности,вспомогательная деталь для ремня
Храповой механизм с ремнем,другая деталь
Центральная уплотнительная прокладка ремня ГРМ,вспомогательная деталь для ремня
ЦЕНТРАЛЬНЫЙ ЗАДНИЙ РЕМЕНЬ,ремень
Центральный кожух ремня,вспомогательная деталь для ремня
Центральный кронштейн крепления ремня безопасности детского сидения,вспомогательная деталь для ремня
Центральный ремень безопасности сидения 2-го ряда,ремень
ЦЕНТРАЛЬНЫЙ РЕМЕНЬ ЗАДНЕГО сидениЯ,ремень
Центральный ремень рычага,ремень
Чаша замка ремня безопасности,вспомогательная деталь для ремня
Чемоданный стяжной ремень BMW M,ремень
ЧЕХОЛ ЗАМКОВОЙ ЧАСТИ РЕМНЯ БЕЗОПАСНОСТИ У СИДЕНЬЯ/ATTACHMENT KITFSEAT VERT ADJR,вспомогательная деталь для ремня
"ЧЕХОЛ, ПРИВЯЗНОЙ РЕМЕНЬ, ЗАДНИЙ, ПЕРЕГОРОДКА КАБИНЫ, ЛСП",вспомогательная деталь для ремня
"ЧЕХОЛ, ПРИВЯЗНОЙ РЕМЕНЬ, Л/С",вспомогательная деталь для ремня
"ЧЕХОЛ, ПРИВЯЗНОЙ РЕМЕНЬ, П/С",вспомогательная деталь для ремня
"ЧЕХОЛ, ПРИВЯЗНОЙ РЕМЕНЬ, РЕГУЛЯТОР ВЫСОТЫ, Л/С, СЕРЫЙ",вспомогательная деталь для ремня
"ШАЙБА, 12.0, НАТЯЖИТЕЛЬ ПРИВЯЗНОГО РЕМНЯ К КУЗОВУ",вспомогательная деталь для ремня
"ШАЙБА, 12.0, НАТЯЖИТЕЛЬ РЕМНЯ ЗАДНЕГО СИДЕНИЯ К БОКОВОЙ ПАНЕЛИ",вспомогательная деталь для ремня
"ШАЙБА, 16.0MM, ПРИВЯЗНОЙ РЕМЕНЬ К ПАНЕЛИ НИЖНЕЙ ОБВЯЗКИ",вспомогательная деталь для ремня
"ШАЙБА, 16.0, ПРИВЯЗНОЙ РЕМЕНЬ К ПАНЕЛИ НИЖНЕЙ ОБВЯЗКИ",вспомогательная деталь для ремня
ШАЙБА ИНДЕКСАЦИИ СКОБЫ РЕМНЯ Б,другая деталь
Шайба кожуха ремня,вспомогательная деталь для ремня
"ШАЙБА, КРЕПЛЕНИЕ РЕМНЯ, НИЖНЯЯ",вспомогательная деталь для ремня
"Шестерня HYUNDAIKIA  коленвала, привода ремня ГРМ",вспомогательная деталь для ремня
"Шестерня HYUNDAIKIA  ремня ГРМ GAL DIZ 96-, H-100 96-, HD-45, HD-78, PO",вспомогательная деталь для ремня
Шеститочечный ремень безопасн.,ремень
Шкив B переднего ремня ГРМ ведомый,вспомогательная деталь для ремня
Шкив General Motors  натяжения ремня,вспомогательная деталь для ремня
Шкив (виброгаситель) к/возвратный приводного ремня,вспомогательная деталь для ремня
Шкив водяного насоса под клиновой ремень,вспомогательная деталь для ремня
Шкив водяного насоса под клиновый ремень,вспомогательная деталь для ремня
Штанга-держатель для трехто- чечного ремня безопасности на заднем многоместном сидение,другая деталь
Штанга-держатель для трехто- чечного ремня безопасности на заднем сидение,другая деталь
Штанга-держатель для трехто-чечного ремня безопасности назаднем сидение,другая деталь
ШТАНГА НАТЯЖИТЕЛЯ РЕМНЯ MER W124/W201 1.8-2.3 M102 77/93-<<,вспомогательная деталь для ремня
ШТАНГА НАТЯЖИТЕЛЯ РЕМНЯ MER W124/W201/W126/W140 2.6-3.2 M103/104,вспомогательная деталь для ремня
"Штеккер в сборе    , Ремень",другая деталь
"ШТИФТ, M6 X 27, ЗАДНЯЯ КРЫШКА ПРИВОДНОГО РЕМНЯ К МАСЛЯНОМУ НАСОСУ",вспомогательная деталь для ремня
"ШТИФТ, M6 X 35, ЗАДНЯЯ КРЫШКА ПРИВОДНОГО РЕМНЯ К МАСЛЯНОМУ НАСОСУ",вспомогательная деталь для ремня
Штифт автоматического плечевого ремня безопасности,вспомогательная деталь для ремня
"ШТИФТ, ЗАДНЯЯ КРЫШКА ПРИВОДНОГО РЕМНЯ К БЛОКУ ЦИЛИНДРОВ",вспомогательная деталь для ремня
"ШТИФТ, КАРТЕР ПРИВОДНОГО РЕМНЯ",другая деталь
"ШТИФТ, КАРТЕР ПРИВОДНОГО РЕМНЯ К БЛОКУ",вспомогательная деталь для ремня
"ШТИФТ, КРЫШКА ПРИВОДНОГО РЕМНЯ, M10 X 60",вспомогательная деталь для ремня
Штифт крышки ремня ГРМ,вспомогательная деталь для ремня
"ШТИФТ, НАПРАВЛЯЮЩАЯ, РЕМЕНЬ, ПРИВОДНОЙ ЗУБЧАТЫЙ",вспомогательная деталь для ремня
"ШТИФТ, НАТЯЖИТЕЛЬ РЕМНЯ РАСПРЕДЕЛИТЕЛЯ ЗАЖИГАНИЯ",другая деталь
"Штифт натяжителя ремня, Вентилятор",вспомогательная деталь для ремня
"ШТИФТ,НАТЯЖТ РЕМНЯ ГРМ",вспомогательная деталь для ремня
Штифт подшипника ремня приводного,вспомогательная деталь для ремня
"ШТИФТ, ПРОМЕЖУТОЧНЫЙ ШКИВ ПРИВОДНОГО РЕМНЯ",вспомогательная деталь для ремня
"ШТИФТ, ПРУЖИНА НАТЯЖЕНИЯ РЕМНЯ ПРИВОДА РАСПРЕДВАЛА",вспомогательная деталь для ремня
"ШТИФТ ПРУЖИН.,ЗУБЧАТ.ПЕРЕДАЧИ РЕМНЯ ГР",вспомогательная деталь для ремня
"ШТИФТ ПРУЖИН.,ЗУБЧАТ.ПЕРЕДАЧИ РЕМНЯ ГРМ",вспомогательная деталь для ремня
"ШТИФТ ПРУЖИННЫЙ,МЕХАНИЗМА ПРИВОДА РЕМНЯ ГРМ",вспомогательная деталь для ремня
"ШТИФТ, РЕМЕНЬ, ПРИВОДНОЙ ЗУБЧАТЫЙ, НАПРАВЛЯЮЩАЯ",вспомогательная деталь для ремня
"ШТИФТ, СТОПОРНЫЙ, РОЛИК, НАТЯЖНОЙ, РЕМЕНЬ РАСПРЕДЕЛИТЕЛЯ",вспомогательная деталь для ремня
"ШТОК, В СБОРЕ, НАТЯЖНОЙ, ПРИВЯЗНОЙ РЕМЕНЬ, ПЕРЕДНЯЯ ЧАСТЬ, Л/С",другая деталь
"ШТОК, В СБОРЕ, НАТЯЖНОЙ, ПРИВЯЗНОЙ РЕМЕНЬ, ПЕРЕДНЯЯ ЧАСТЬ, П/С",другая деталь
"ШТОК, ЗОЛОТНИКОВЫЙ, РЕМЕНЬ ПЕРЕДНЕГО СИДЕНИЯ К ПАНЕЛИ НИЖНЕЙ ОБВЯЗКИ, Л/С",другая деталь
"ШТОК, ЗОЛОТНИКОВЫЙ, РЕМЕНЬ ПЕРЕДНЕГО СИДЕНИЯ К ПАНЕЛИ НИЖНЕЙ ОБВЯЗКИ, П/С",другая деталь
ШТОРКА ПРИВОДА ПО ВЫСОТЕ РЕМНЯ,вспомогательная деталь для ремня
"ШУМОИЗОЛИРУЮЩАЯ КРЫШКА-ЗАДНИЙ РЕМЕНЬ БЕЗОПАСНОСТИ,лев",вспомогательная деталь для ремня
"ШУМОИЗОЛИРУЮЩАЯ КРЫШКА-ЗАДНИЙ РЕМЕНЬ БЕЗОПАСНОСТИ,прав",вспомогательная деталь для ремня
ЩИТОК ЗАЩИТЫ прав РЕМНЯ НИ,вспомогательная деталь для ремня
Щиток кожуха зубчатого ремня,вспомогательная деталь для ремня
Щиток кожуха зубчатого ремня ,вспомогательная деталь для ремня
Щиток кожуха зубчатого ремня.,вспомогательная деталь для ремня
Щиток механизма втягивания ремня безоп.,другая деталь
Щиток механизма втягивания ремня безоп.Л,другая деталь
Щиток механизма втягивания ремня безоп.П,другая деталь
Щиток ремня безопасн. лев е39,вспомогательная деталь для ремня
Щиток ремня безопасности,вспомогательная деталь для ремня
Щиток ремня безопасности лев,вспомогательная деталь для ремня
Щиток ремня безопасности прав,вспомогательная деталь для ремня
Щиток ремня безопасности прав е39,вспомогательная деталь для ремня
Щиток ремня безопасн. прав е39,вспомогательная деталь для ремня
Щиток ремня безоп. прав е39,другая деталь
ЩИТОК РЕМНЯ ГРМ ВЕРХНИЙ,вспомогательная деталь для ремня
ЩИТОК РЕМНЯ ГРМ НИЖНИЙ,вспомогательная деталь для ремня
ЭБУ устр-ва подачи ремня безопасности,вспомогательная деталь для ремня
ЭБУ электронного намотчика ремня без.,другая деталь
"ЭКРАН, РЕМЕНЬ, ПРИВОДНОЙ ЗУБЧАТЫЙ",вспомогательная деталь для ремня
Эластичный стяжной ремень,ремень
Эласт. Лента РемнЯ задн сидениЯ,набор деталей
Электродвигатель левого автоматического ремня безопасности,вспомогательная деталь для ремня
Электродвигатель правого автоматического ремня безопасности,вспомогательная деталь для ремня
электродвигатель устр.подачи ремня,другая деталь
"электродвигатель устр.подачи ремня, алюминиевый alu standard",вспомогательная деталь для ремня
Электромагнитная муфта вентилятора газель next евро-3. 4 дв. evotech 2.7л с поликлиновым ремнем,другая деталь
Электромагнитная муфта вентилятора газель-бизнес евро-3 дв.умз с поликлиновым ремнем,другая деталь
Электромагнитная муфта вентилятора газель-бизнес евро-3 дв.умз с поликлиновым ремнем (-01),другая деталь
Электромагнитная муфта вентилятора газель-бизнес евро-3 под широкий клиновой ремень avx13x750,вспомогательная деталь для ремня
Электромагнитная муфта вентилятора газель. соболь евро-3 под узкий клиновой ремень avx10x750,вспомогательная деталь для ремня
Электромагнитный клапан поясного ремня безопасности (в сборе),вспомогательная деталь для ремня
Электромагнит срабатывания блокировки ремня безопасности,вспомогательная деталь для ремня
"Электромуфта вентилятора дв. умз ""евро-3"" газель (бизнес) под поликлин. ремень ""импульс""",ремень
"Электромуфта вентилятора дв. умз ""евро-3"" газель (бизнес) ""термокам"" (клиновой ремень узкий)",вспомогательная деталь для ремня
"Электромуфта вентилятора дв. умз ""евро-3"" газель (бизнес) ""термокам"" (клиновой ремень широкий)",вспомогательная деталь для ремня
"Электромуфта вентилятора дв. умз ""евро-3"" ""термокам"" газель (бизнес) под поликлин. ремень",ремень
Элемент крышки ремня,вспомогательная деталь для ремня
Элемент усилен.гнезда ремня безопасности,вспомогательная деталь для ремня
"ЭЛЕМЕНТ УСИЛЕНИЯ, ВНУТРЕННИЙ РЕМЕНЬ В ПАНЕЛИ ЗАДНЕГО КРЫЛА - LH",вспомогательная деталь для ремня
"ЭЛЕМЕНТ УСИЛЕНИЯ,ПЛЕЧЕВОЙ РЕМЕНЬ ЗАДНЕГО сидениЯ, АНКЕРНАЯ ПЛИТА",вспомогательная деталь для ремня
"ЭЛЕМЕНТ УСИЛЕНИЯ,ПЛЕЧЕВОЙ РЕМЕНЬ ЗАДНЕГО сидениЯ, АНКЕРНАЯ ПЛИТА - RH",вспомогательная деталь для ремня
Элемент усиления соединение ремня,вспомогательная деталь для ремня
Эл-т усиления обводн.устр-ва ремня лев,вспомогательная деталь для ремня
Эл-т усиления обводн.устр-ва ремня прав,вспомогательная деталь для ремня
Эл.усил. уст-ва втяг. ремня безопасн. лев,набор деталей
Эл.усил. уст-ва втяг. ремня безопасн. прав,набор деталей
Этикетка Застег. РемнЯ Безопасн.,вспомогательная деталь для ремня
"ЭТИКЕТКА, РЕМЕНЬ РЕГУЛЯТОРА РАСПРЕДЕЛИТЕ",вспомогательная деталь для ремня
Этикетка/Этикетка Застег. РемнЯ Безопасн.,вспомогательная деталь для ремня
Язык в сборе ремня заднего.сидения.наружный,вспомогательная деталь для ремня
Язык левого ремня безопасности наружный,вспомогательная деталь для ремня
Язык левого ремня переднего.сидения.наружный,вспомогательная деталь для ремня
Язык лев ремня заднего сидения наружный,вспомогательная деталь для ремня
Язык лев ремня сред.сид. внутренний,другая деталь
Язык лев ремня сред.сид. наружный,другая деталь
Язык правого ремня безопасности наружный,вспомогательная деталь для ремня
Язык правого ремня переднего.сидения.наружный,вспомогательная деталь для ремня
Язык прав ремня заднего сидения наружный,вспомогательная деталь для ремня
Язык прав ремня наружный,вспомогательная деталь для ремня
Язык прав ремня средн.сиден,другая деталь
Язык прав ремня средн.сиден.,другая деталь
Язык прав ремня сред.сид. наружный,вспомогательная деталь для ремня
Язык ремня безопасности,вспомогательная деталь для ремня
Язык ремня безопасности наружный,вспомогательная деталь для ремня
Язык ремня заднего сидения наружный,вспомогательная деталь для ремня
Язык ремня заднего.сидения.центральный,вспомогательная деталь для ремня
Язык ремня переднего сидения наружный,вспомогательная деталь для ремня
Язык ремня средн.сиден.центральный,другая деталь
"ЯЗЫЧОК В СБОРЕ, лев задн РЕМЕНЬ БЕЗОПАСНОСТИ НАРУЖН. *NH167L*",другая деталь
"ЯЗЫЧОК В СБОРЕ, лев задн РЕМЕНЬ БЕЗОПАСНОСТИ НАРУЖН. *NH167L    1*",другая деталь
"ЯЗЫЧОК В СБОРЕ, лев задн РЕМЕНЬ БЕЗОПАСНОСТИ НАРУЖН. *NH598L    1*",другая деталь
"ЯЗЫЧОК В СБОРЕ, лев ПЕРЕДН. РЕМЕНЬ БЕЗОПАСНОСТИ НАРУЖН. *NH167L *",другая деталь
ЯЗЫЧОК И ЗАЩЕЛКА РЕМНЯ БЕЗОПАСНОСТИ,набор деталей
Язычок и преднатяжитель ремня безопасности (в сборе),набор деталей
Язычок и преднатяжитель ремня безопасности заднего левого сидения (в сборе),набор деталей
Язычок и преднатяжитель ремня безопасности заднего правого сидения (в сборе),набор деталей
Язычок и преднатяжитель ремня безопасности заднего сидения (в сборе),набор деталей
Язычок и преднатяжитель ремня безопасности переднего левого сидения (в сборе),набор деталей
Язычок и преднатяжитель ремня безопасности переднего правого сидения (в сборе),набор деталей
Язычок левого автоматического ремня безопасности (в сборе),вспомогательная деталь для ремня
"ЯЗЫЧОК, лев ПЕРЕДН. РЕМЕНЬ БЕЗОПАСНОСТИ",вспомогательная деталь для ремня
"ЯЗЫЧОК, лев ПЕРЕДН. РЕМЕНЬ БЕЗОПАСНОСТИ НАРУЖН. *NH220L*",вспомогательная деталь для ремня
Язычок переднего центрального ремня безопасности (в сборе),вспомогательная деталь для ремня
"ЯЗЫЧОК, прав задн РЕМЕНЬ БЕЗОПАСНОСТИ",вспомогательная деталь для ремня
Язычок правого автоматического ремня безопасности (в сборе),вспомогательная деталь для ремня
ЯЗЫЧОК ПРЯЖКИ-РЕМЕНЬ БЕЗОПАСНОСТИ,вспомогательная деталь для ремня
Язычок ремня безопасности (в сборе),вспомогательная деталь для ремня
Язычок ремня безопасности детского сидения,вспомогательная деталь для ремня
"Язычок ремня безопасности для фиксации кресла-каталки на 2-ом, 3-ем ряду (в сборе)",вспомогательная деталь для ремня
Язычок ремня безопасности для фиксации кресла-каталки на 2-ом ряду (в сборе),вспомогательная деталь для ремня
Язычок ремня безопасности для фиксации кресла-каталки на 3-ем ряду (в сборе),вспомогательная деталь для ремня
Язычок ремня безопасности заднего левого сидения автомобиля (в сборе),вспомогательная деталь для ремня
Язычок ремня безопасности заднего левого сидения (в сборе),вспомогательная деталь для ремня
"ЯЗЫЧОК, СРЕДНИЙ РЕМЕНЬ БЕЗОПАСНОСТИ ЦЕНТ",вспомогательная деталь для ремня
"ЯРЛЫК, РЕМЕНЬ РАСПРЕДВАЛА",вспомогательная деталь для ремня
"ЯРЛЫК, РЕМЕНЬ РАСПРЕДВАЛА, ПСП",вспомогательная деталь для ремня
