Value,Category,Synthetic_data
"Переходник — байонет, с фильтром",набор деталей,True
трубопровод от подкачивающего насоса к фильтру,другая деталь,True
 труба от насоса к фильтру,другая деталь,True
 шланг от насоса к фильтру,другая деталь,True
 трубка от насоса к фильтру,другая деталь,True
 линия от насоса к фильтру,другая деталь,True
 трасса от насоса к фильтру,другая деталь,True
 система от насоса к фильтру,другая деталь,True
 магистраль от насоса к фильтру,другая деталь,True
 канал от насоса к фильтру,другая деталь,True
 проводка от насоса к фильтру,другая деталь,True
 Воздушный фильтр с вакуумным приводом и заслонкой,набор деталей,True
 масляный фильтр с картонным элементом,набор деталей,True
 фильтр с штуцером масляного радиатора,набор деталей,True
 масляный фильтр с корпусом и маслоохладителем,набор деталей,True
 фильтр воздушный с креплением,набор деталей,True
 Масляный фильтр для АКПП в комплекте с прокладкой,набор деталей,True
 фильтр трансмиссии с крышкой и уплотнением,набор деталей,True
 фильтр для топлива с колбой.,набор деталей,True
Масляный фильтр с фланцем и радиатором,набор деталей,True
 Масляный фильтр с фланцем и охладителем,набор деталей,True
Сажевый фильтр с нейтрализатором,набор деталей,True
 сажевый фильтр с катализатором,набор деталей,True
Масляный фильтр с фланцем,набор деталей,True
 масляный фильтр с фланцевым соединением,набор деталей,True
 фильтр с прокладкой,набор деталей,True
 фильтр автоматической коробки передач с прокладкой,набор деталей,True
 масляный фильтр в сборе с уплотнением,набор деталей,True
Салонный угольный фильтр с кондиционером,набор деталей,True
 фильтрующая сетка с поплавковым устройством,набор деталей,True
фильтр салона угольный,набор деталей,True
" фильтр для салона автомобиля, 2 штуки",набор деталей,True
Комплект внутренних фильтров очистки воздуха,набор деталей,True
 набор фильтров для кондиционера.,набор деталей,True
Провод с фильтром помех,набор деталей,True
 фильтр помех в комплекте с проводом.,набор деталей,True
 набор элементов масляного фильтра с колпачком,набор деталей,True
Комплект фильтра салона,набор деталей,True
 Набор фильтра салона,набор деталей,True
 фильтрующий набор,набор деталей,True
Комплект фильтров,набор деталей,True
 фильтрующие элементы,набор деталей,True
Комплект фильтра,набор деталей,True
 набор элементов и прокладки масляного фильтра,набор деталей,True
Набор сменных фильтров,набор деталей,True
 Комплект фильтров для замены,набор деталей,True
 набор элементов масляного фильтра,набор деталей,True
Комплект фильтра-воздушного,набор деталей,True
 набор фильтра воздушного,набор деталей,True
Комплект фильтрации масла,набор деталей,True
 набор масляных фильтров.,набор деталей,True
 элемент фильтрации масляный набор,набор деталей,True
Комплект фильтров АКПП,набор деталей,True
 Набор фильтров для АКПП,набор деталей,True
Ремкомплект фильтра автоматической коробки передач,набор деталей,True
 Набор деталей для ремонта фильтра АКПП,набор деталей,True
Ремкомплект фильтра,набор деталей,True
 Набор для ремонта фильтра,набор деталей,True
комплект фильтра салона,набор деталей,True
 набор салонного фильтра,набор деталей,True
комплект деталей для монтажа сажевого фильтра,набор деталей,True
 набор деталей для установки сажевого фильтра,набор деталей,True
Комплект фильтра топлива (вставка),набор деталей,True
 Набор фильтра для топлива (вставка),набор деталей,True
 Комплект для замены поддона АКПП с фильтром BMW/CHRYSLER/JAGUAR/LAND ROVER,набор деталей,True
 набор фильтров,набор деталей,True
 комплект фильтров для воздуха,набор деталей,True
Комплект фильтров для технического обслуживания,набор деталей,True
 Набор фильтров для ТО,набор деталей,True
Набор фильтров,набор деталей,True
 комплект воздушного фильтра,набор деталей,True
Ремонтный комплект фильтра масляного,набор деталей,True
 Набор для ремонта масляного фильтра,набор деталей,True
Комплект воздушного фильтра,набор деталей,True
 набор прокладок для фильтра,набор деталей,True
Комплект фильтров балансировочных валов,набор деталей,True
 набор фильтров для балансировочных валов.,набор деталей,True
 Комплект фильтров воздушных,набор деталей,True
 проводка топливного фильтра,набор деталей,True
 набор угольных фильтров,набор деталей,True
Комплект сменного элемента масляного фильтра,набор деталей,True
 набор для замены масляного фильтра.,набор деталей,True
комплект фильтров,набор деталей,True
Комплект гидрофильтров,набор деталей,True
Набор инструментов для смены масляных фильтров,набор деталей,True
 Комплект ключей для замены масляных фильтров,набор деталей,True
Комплект фильтров для двигателя,набор деталей,True
 набор фильтров для мотора,набор деталей,True
Комплект топливных фильтров,набор деталей,True
 Набор топливных фильтров,набор деталей,True
"Комплект масляный картер, масляного фильтра, мкпп",набор деталей,True
" Набор масляный картер, масляного фильтра, мкпп.",набор деталей,True
Набор уплотнительных колец корпуса масляного фильтра,набор деталей,True
 Набор прокладок для корпуса масляного фильтра,набор деталей,True
Электромагнитный клапан и фильтр,набор деталей,True
 Электромагнитный клапан и фильтрующая система,набор деталей,True
Комплект креплений топливного фильтра,набор деталей,True
 Набор кронштейнов для топливного фильтра,набор деталей,True
" Комплект дооснащения, сажевый / частичный фильтр",набор деталей,True
Ремкомплект топливного фильтра,набор деталей,True
 Набор для ремонта топливного фильтра,набор деталей,True
Комплект фильтра АКПП с прокладкой,набор деталей,True
 набор деталей для фильтрации АКПП с уплотнительным кольцом,набор деталей,True
Комплект масляного фильтра КПП,набор деталей,True
 Набор масляного фильтра коробки передач,набор деталей,True
Комплект прокладок масляного фильтра,набор деталей,True
 набор прокладок для масляного фильтра,набор деталей,True
Комплект фильтра горючего,набор деталей,True
 Комплект фильтра для топлива,набор деталей,True
Комплект модернизации фильтра масла,набор деталей,True
 Набор для обновления масляного фильтра.,набор деталей,True
Ремкомплект топливного фильтра с регулятором давления,набор деталей,True
 Набор для ремонта топливного фильтра с регулятором,набор деталей,True
Комплект прокладок для масляного фильтра,набор деталей,True
 Набор прокладок для масляного фильтра,набор деталей,True
 набор деталей для фильтрации воздуха,набор деталей,True
 набор прокладок и фильтр под форсунку,набор деталей,True
комплект фильтров для салона,набор деталей,True
 набор салонных фильтров,набор деталей,True
Набор салонных фильтров,набор деталей,True
 Комплект фильтров для салона,набор деталей,True
Комплект топливного фильтра,набор деталей,True
 набор топливного фильтра,набор деталей,True
Комплект уплотнителей корпуса масляного фильтра,набор деталей,True
 Набор сальников для корпуса масляного фильтра,набор деталей,True
Ремонтный комплект фильтра влагоотделителя пневмосистемы,набор деталей,True
 Набор для ремонта фильтра влагоотделителя пневмосистемы,набор деталей,True
Комплект прокладок для кронштейна масляного фильтра,набор деталей,True
 Набор прокладок для крепления масляного фильтра,набор деталей,True
Комплект фиксации фильтра воздушного,набор деталей,True
 набор для крепления воздушного фильтра,набор деталей,True
Набор картриджей для фильтрации,набор деталей,True
 Комплект фильтрующих элементов,набор деталей,True
Прокладки для масляного фильтра,набор деталей,True
 Комплект прокладок для масляного фильтра,набор деталей,True
Ремкомплект фильтра коробки передач,набор деталей,True
 Набор для ремонта фильтра АКПП,набор деталей,True
Комплект фильтра для масла,набор деталей,True
 Набор масляного фильтра,набор деталей,True
Комплект масляный поддон с фильтром и прокладкой,набор деталей,True
 набор масляный поддон с фильтром и прокладкой,набор деталей,True
 Масляный радиатор и фильтрующий элемент.,набор деталей,True
 Комплект уплотнений топливного фильтра,набор деталей,True
Комплект уплотнительных колец для топливного фильтра,набор деталей,True
 Набор уплотнительных колец для топливного фильтра,набор деталей,True
 комплект фильтра,набор деталей,True
" Монтажный комплект, сажевый / частичный фильтр",набор деталей,True
Комплект фильтра-осушителя,набор деталей,True
 Набор фильтра осушителя,набор деталей,True
 набор прокладок для масляного фильтра.,набор деталей,True
Ремкомплект воздушного фильтра,набор деталей,True
 Набор для ремонта воздушного фильтра,набор деталей,True
комплект масляных фильтров для технического обслуживания,набор деталей,True
 набор масляных фильтров для ТО,набор деталей,True
 комплект фильтров.,набор деталей,True
Комплект картриджей фильтра масляного,набор деталей,True
 набор картриджей масляного фильтра,набор деталей,True
Комплект фильтра масла для АКПП,набор деталей,True
 Набор фильтра масла для автоматической коробки передач,набор деталей,True
Ремонтный комплект фильтра топливного с регулятором давления,набор деталей,True
Комплект фильтра коробки передач VAG,набор деталей,True
 Набор фильтра АКПП VAG,набор деталей,True
Ремкомплект фильтра АКПП с разъемом,набор деталей,True
 набор деталей для ремонта фильтра АКПП с сальниками,набор деталей,True
Комплект фильтров для камеры,набор деталей,True
 Набор фильтров для объектива,набор деталей,True
Комплект для замены масла: 4 литра + фильтр + кольцо,набор деталей,True
 Набор для смены масла: 4 литра + фильтр + уплотнительное кольцо.,набор деталей,True
 Набор фильтрующих элементов,набор деталей,True
 Комплект фильтров,набор деталей,True
Комплект фильтров колесного тормоза,набор деталей,True
 Набор фильтров для колесных тормозов,набор деталей,True
Прокладки для адаптера масляного фильтра,набор деталей,True
" набор фильтров (воздушного, масляного, салонного)",набор деталей,True
Комплект фильтров кондиционера,набор деталей,True
 Набор фильтров для кондиционера,набор деталей,True
фильтр воздушный набор,набор деталей,True
 комплект фильтров воздушных,набор деталей,True
фильтр салона набор,набор деталей,True
 комплект фильтров салона,набор деталей,True
набор фильтрующих картриджей,набор деталей,True
 фильтрующий комплект,набор деталей,True
Комплект картриджей фильтров,набор деталей,True
 набор фильтрующих элементов.,набор деталей,True
набор фильтров,набор деталей,True
 комплект фильтров,набор деталей,True
 Комплект для ремонта топливного фильтра с регулятором,набор деталей,True
Комплект фильтра масляного,набор деталей,True
 набор фильтра масляного,набор деталей,True
Охладитель радиатор масляный в комплекте с фильтром из бумаги,набор деталей,True
 Охладитель радиатор масляный с фильтром из бумаги.,набор деталей,True
Комплект сетчатого фильтра,набор деталей,True
 набор сетчатого фильтра,набор деталей,True
 гарантийный комплект ферритового фильтра,набор деталей,True
 Масляный фильтр и охлаждающее устройство,набор деталей,True
 фильтрующие элементы салона,набор деталей,True
" Корпус фильтра воздушного верхняя и нижняя часть 1.8, 2.0",набор деталей,True
Комплект прокладок фильтра очистки топлива,набор деталей,True
 набор деталей для фильтрации топлива.,набор деталей,True
Комплект прокладок для топливного фильтра,набор деталей,True
 набор прокладок для топливного фильтра.,набор деталей,True
Поддон автоматической коробки передач и фильтр,набор деталей,True
Комплект фильтра автоматической коробки передач,набор деталей,True
 набор деталей для фильтра АКПП,набор деталей,True
Комплект прокладок корпуса масляного фильтра,набор деталей,True
Ремонтный комплект фильтра масла автоматической коробки передач,набор деталей,True
 Набор деталей для ремонта масляного фильтра АКПП,набор деталей,True
Комплект фильтров для воздуха,набор деталей,True
 Набор воздушных фильтров,набор деталей,True
 набор гидрофильтров,набор деталей,True
 фильтр и комплектующие,набор деталей,True
Топливный насос с фильтром,набор деталей,True
Насос с фильтром,набор деталей,True
Нейтрализатор с сажевым фильтром и средним глушителем,набор деталей,True
 нейтрализатор с сажевым фильтром и глушителем средней величины,набор деталей,True
 нейтрализатор с глушителем средних размеров и сажевым фильтром.,набор деталей,True
 масляный радиатор с фильтром,набор деталей,True
 масляный радиатор с фильтрующим элементом,набор деталей,True
 масляный радиатор с фильтрующей вставкой,набор деталей,True
 масляный радиатор с фильтровальным элементом,набор деталей,True
 труба выпуска отработавших газов с сажевым фильтром и адсорбером.,набор деталей,True
Поддон автоматической коробки передач с фильтром в сборе,набор деталей,True
Поддон АКПП с фильтрующим элементом в сборе,набор деталей,True
Поддон коробки-автомат с фильтром в сборе,набор деталей,True
Поддон автоматической трансмиссии с фильтром в сборе,набор деталей,True
Поддон АКПП с фильтром в комплекте.,набор деталей,True
 Бак топливный в сборе с приемной трубкой с фильтровальным элементом,набор деталей,True
 Бак топливный в сборе с приемной трубкой с фильтрующим элементом,набор деталей,True
 Бак топливный в сборе с приемной трубкой с системой фильтрации.,набор деталей,True
труба отработавших газов с сажевым фильтром,набор деталей,True
Поддон автоматической коробки передач с фильтром,набор деталей,True
Поддон трансмиссии с фильтром,набор деталей,True
Поддон КПП с фильтром,набор деталей,True
Поддон коробки-автомат с фильтром,набор деталей,True
Поддон АКП с фильтром.,набор деталей,True
Масляный поддон с фильтром,набор деталей,True
 Масляный поддон с системой фильтрации,набор деталей,True
 Масляный поддон с фильтрующим элементом.,набор деталей,True
Усилитель привода с воздушным фильтром,набор деталей,True
Усилитель передачи с воздушным фильтром,набор деталей,True
Усилитель тяги с воздушным фильтром,набор деталей,True
Усилитель мощности с воздушным фильтром,набор деталей,True
Усилитель крутящего момента с воздушным фильтром.,набор деталей,True
Топливопровод с фильтром,набор деталей,True
 топливный провод с фильтром,набор деталей,True
 топливопровод с фильтрующим элементом.,набор деталей,True
 Топливный насос с фильтрующим элементом,набор деталей,True
 Масляный поддон с маслофильтром,набор деталей,True
Бензонасос TOYOTA в сборе с фильтрующим элементом,набор деталей,True
Бензонасос TOYOTA в сборе с системой фильтрации,набор деталей,True
Бензонасос TOYOTA в сборе с фильтрационной установкой.,набор деталей,True
Фланец топливного насоса с фильтром,набор деталей,True
Фланец топливного насоса с фильтрующим элементом,набор деталей,True
 крышка вентилятора с фильтрующим элементом,набор деталей,True
 крышка вентилятора с фильтрующей вставкой,набор деталей,True
 крышка вентилятора с фильтрационной системой.,набор деталей,True
Фланец с фильтром,набор деталей,True
 фильтровочный узел.,набор деталей,True
Бачок гидроусилителя руля BMW с фильтром,набор деталей,True
 Бачок гидроусилителя руля BMW с фильтрующим элементом,набор деталей,True
 Бачок гидроусилителя руля BMW с фильтрующей вставкой,набор деталей,True
 Бачок гидроусилителя руля BMW с фильтрационной системой.,набор деталей,True
Бачок гидроусилителя с фильтром,набор деталей,True
 Бачок ГУР с фильтрующим элементом,набор деталей,True
 Бачок гидроусилителя с фильтрующей вставкой,набор деталей,True
 Бачок ГУР с фильтрационной системой.,набор деталей,True
Фланец с топливным фильтром,набор деталей,True
Фланец с фильтром для топлива,набор деталей,True
Фланец с фильтрующим элементом для топлива,набор деталей,True
Фланец с фильтрацией топлива,набор деталей,True
Пустотелый болт с фильтром,набор деталей,True
Пустотелый болт с фильтрующим элементом,набор деталей,True
Пустотелый болт с фильтрующей вставкой,набор деталей,True
Пустотелый болт с фильтрующим устройством,набор деталей,True
Пустотелый болт с фильтровальным элементом.,набор деталей,True
Масляный картер с фильтром масла,набор деталей,True
Картер с масляным фильтром,набор деталей,True
Картер с фильтром масла,набор деталей,True
Картер с фильтром для масла.,набор деталей,True
Стакан насоса подкачки с фильтром,набор деталей,True
 стакан насоса подкачки с фильтрующим элементом,набор деталей,True
 стакан насоса подкачки с системой фильтрации,набор деталей,True
 стакан насоса подкачки с фильтрационным элементом.,набор деталей,True
картер масляный с фильтром автоматической коробки передач,набор деталей,True
картер масляный с фильтром коробки-автомат,набор деталей,True
картер масляный с фильтром для акпп,набор деталей,True
картер масляный с фильтром для автоматической коробки передач,набор деталей,True
картер масляный с фильтром для автомата.,набор деталей,True
Фланец с топливным фильтром левый,набор деталей,True
 Фланец с фильтром для топлива левый,набор деталей,True
 Фланец с левосторонним топливным фильтром,набор деталей,True
 Фланец с левосторонним фильтром для топлива,набор деталей,True
 Фланец с левосторонним топливным фильтром для автомобилей,набор деталей,True
Мотор бензонасоса с фильтром,набор деталей,True
 Мотор бензонасоса с фильтрующим элементом,набор деталей,True
насос подкачки ручной с фильтром,набор деталей,True
 насос подкачки ручной с фильтрующим элементом,набор деталей,True
 насос подкачки ручной с системой фильтрации,набор деталей,True
 насос подкачки ручной с фильтрующей установкой.,набор деталей,True
 блок подачи с фильтром,набор деталей,True
 модуль с фильтром.,набор деталей,True
Насос подкачки с фильтром,набор деталей,True
 насос подкачки с фильтрующим элементом,набор деталей,True
 насос подкачки с фильтрующей системой,набор деталей,True
 насос подкачки с системой фильтрации.,набор деталей,True
 Радиатор масляный в сборе с фильтрующим элементом,набор деталей,True
 Радиатор масляный в сборе с фильтровальным элементом,набор деталей,True
 Радиатор масляный в сборе с маслофильтром.,набор деталей,True
Насос топливный с фильтром-сеткой,набор деталей,True
 Насос топливный с фильтром,набор деталей,True
 Насос топливный с сетчатым фильтром,набор деталей,True
 Насос топливный с фильтром грубой очистки,набор деталей,True
 Насос топливный с фильтром-сеткой грубой очистки.,набор деталей,True
Бензонасос с фильтром,набор деталей,True
 бензонасос с фильтрующим элементом,набор деталей,True
Поддон масляный картера коробки передач с фильтром,набор деталей,True
Поддон масляный картера кпп с маслофильтром,набор деталей,True
Поддон масляный картера кпп с системой фильтрации,набор деталей,True
Поддон масляный картера кпп с элементом фильтрации.,набор деталей,True
Поддон масляный картера КПП с фильтром,набор деталей,True
Поддон АКПП с фильтром,набор деталей,True
Поддон АКПП с фильтром и прокладкой,набор деталей,True
Поддон коробки-автомат с фильтром и прокладкой,набор деталей,True
Поддон автоматической коробки передач с фильтром и прокладкой,набор деталей,True
Поддон трансмиссии с фильтром и прокладкой,набор деталей,True
Поддон КПП с фильтром и прокладкой.,набор деталей,True
Насос топливный с фильтром,набор деталей,True
 Насос топливный с фильтрующим элементом,набор деталей,True
 Насос топливный с фильтрационным устройством.,набор деталей,True
Насос топливный электрический с фильтром,набор деталей,True
 Насос топливный электрический с фильтрующим элементом,набор деталей,True
 Насос топливный электрический с системой фильтрации,набор деталей,True
 Насос топливный электрический с фильтрующей вставкой.,набор деталей,True
 насос с фильтрующим элементом,набор деталей,True
 насос с системой фильтрации,набор деталей,True
 насос с фильтрационной установкой.,набор деталей,True
Штуцер вакуумного шланга с фильтром,набор деталей,True
Штуцер вакуумного шланга с фильтрующим элементом,набор деталей,True
Штуцер вакуумного шланга с фильтрующей вставкой,набор деталей,True
Штуцер вакуумного шланга с фильтрационной системой.,набор деталей,True
Поддон АКПП с фильтром BMW,набор деталей,True
 поддон автоматической коробки передач с фильтром BMW,набор деталей,True
 поддон коробки-автомат с фильтром BMW,набор деталей,True
 поддон трансмиссии с фильтром BMW,набор деталей,True
 поддон авто с фильтром BMW.,набор деталей,True
Масляный насос с масляным фильтром,набор деталей,True
 Масляный насос с фильтром масла,набор деталей,True
 Масляный насос с фильтром для масла,набор деталей,True
Блок подачи с фильтром,набор деталей,True
 Блок с фильтрующим элементом,набор деталей,True
расширительный бачок с фильтром,набор деталей,True
 расширительный бачок с угольным фильтром,набор деталей,True
 расширительный бачок с фильтром из активированного угля,набор деталей,True
 расширительный бачок с фильтром на основе активированного угля,набор деталей,True
Поддон масляный АКПП со встроенным фильтром,набор деталей,True
Поддон масляный АКПП с интегрированным фильтром,набор деталей,True
Поддон масляный АКПП с фильтрующим элементом,набор деталей,True
Поддон масляный АКПП с фильтром-вставкой,набор деталей,True
Поддон масляный АКПП с фильтрацией масла.,набор деталей,True
Пустотелый винт с фильтром,набор деталей,True
Пустотелый винт с фильтрующим элементом,набор деталей,True
Пустотелый винт с фильтрующей вставкой,набор деталей,True
Пустотелый винт с фильтровальным элементом,набор деталей,True
Пустотелый винт с фильтровальной вставкой.,набор деталей,True
 топливный насос с фильтрующим элементом,набор деталей,True
Глушитель с сажевым фильтром,набор деталей,True
 Глушитель с фильтром твёрдых частиц,набор деталей,True
 Глушитель с DPF-фильтром,набор деталей,True
 Глушитель с FAP-фильтром,набор деталей,True
Резиновый раструб с фильтром,набор деталей,True
 Резиновый наконечник с фильтром,набор деталей,True
 Резиновый мундштук с фильтром,набор деталей,True
 Резиновый раструб с фильтрующим элементом,набор деталей,True
 Резиновый наконечник с фильтрующим элементом.,набор деталей,True
Бензонасос модуль с фильтром и датчиком уровня,набор деталей,True
 бензонасос блок с фильтром и датчиком уровня,набор деталей,True
 бензонасос узел с фильтром и датчиком уровня,набор деталей,True
 бензонасос система с фильтром и датчиком уровня,набор деталей,True
 бензонасос агрегат с фильтром и датчиком уровня.,набор деталей,True
Поддон коробки передач с фильтром,набор деталей,True
Поддон АКПП с фильтрующим элементом,набор деталей,True
Поддон трансмиссии с фильтрующим элементом.,набор деталей,True
Поддон с фильтром автоматической коробки передач,набор деталей,True
Поддон с фильтром трансмиссии,набор деталей,True
Поддон с фильтром-автомата,набор деталей,True
Поддон с фильтром-коробки,набор деталей,True
Поддон с фильтром-трансмисcии.,набор деталей,True
Корпус поддона с фильтром,набор деталей,True
 корпус поддона с фильтрующим элементом,набор деталей,True
 корпус поддона с системой фильтрации,набор деталей,True
 корпус поддона с фильтрационным механизмом.,набор деталей,True
Корпус масляного фильтра,набор деталей,True
Насос топливный (мотор) с фильтром,набор деталей,True
 Насос топливный (мотор) с фильтрующим элементом,набор деталей,True
 Насос топливный (мотор) с фильтрационной установкой.,набор деталей,True
 насос с фильтром,набор деталей,True
Радиатор масляный (теплообменник) с фильтром,набор деталей,True
 масляный радиатор (теплообменник) с фильтром,набор деталей,True
 масляный радиатор (теплообменник) с системой фильтрации,набор деталей,True
 масляный радиатор (теплообменник) с фильтрующим элементом.,набор деталей,True
 корпус фильтра с фильтром,набор деталей,True
 корпус фильтра с фильтрующим элементом,набор деталей,True
Корпус с фильтром в сборе,набор деталей,True
 корпус с фильтром,набор деталей,True
 корпус в сборе с фильтром,набор деталей,True
Газовый трубопровод с фильтром,набор деталей,True
 газовый трубопровод с устройством фильтрации,набор деталей,True
Поддон масляный АКПП с фильтром,набор деталей,True
Полый болт с фильтром,набор деталей,True
 полый болт с фильтрующим элементом,набор деталей,True
 полый болт с фильтрующей вставкой,набор деталей,True
 полый болт с фильтровальным элементом,набор деталей,True
 полый болт с фильтровальной вставкой.,набор деталей,True
Корпус масляного фильтра с охладителем и фильтром,набор деталей,True
 фильтр с охладителем,набор деталей,True
Масляный насос с фильтром,набор деталей,True
 Масляный насос с системой фильтрации,набор деталей,True
 Масляный насос с элементом фильтрации,набор деталей,True
 Масляный насос с фильтрующим устройством.,набор деталей,True
масляный поддон с масляным фильтром,набор деталей,True
 масляный поддон с фильтром масла,набор деталей,True
 масляный поддон с маслофильтром,набор деталей,True
Бак топливный с трубками и фильтром тонкой очистки топлива в сборе,набор деталей,True
 Бак топливный с трубками и фильтром грубой очистки топлива в сборе,набор деталей,True
 Бак топливный с трубками и фильтром-отстойником в сборе,набор деталей,True
 Бак топливный с трубками и фильтром-сепаратором в сборе,набор деталей,True
 Бак топливный с трубками и фильтром-элементом в сборе.,набор деталей,True
 Двигатель без генератора с фильтром пыли,набор деталей,True
 Двигатель без генератора с фильтром грязи,набор деталей,True
 Двигатель без генератора с фильтром сажи,набор деталей,True
 Двигатель без генератора с фильтром дыма.,набор деталей,True
 Фланец с фильтром для топлива,набор деталей,True
 Фланец с фильтрующим элементом для топлива,набор деталей,True
 Фланец с фильтрующей вставкой для топлива.,набор деталей,True
"Трубка, в сборе, выхлопная, передняя с фильтром частиц, заменённый",набор деталей,True
"Трубка в сборе, выхлопная передняя с фильтром частиц, Vauxhall, новая замена",набор деталей,True
Насос топливный со встроенным фильтром,набор деталей,True
 насос топливный с фильтром,набор деталей,True
 насос топливный с фильтрующим элементом,набор деталей,True
 насос топливный с фильтрацией,набор деталей,True
Поддон передач с фильтром.,набор деталей,True
насос топливный электрический с фильтром,набор деталей,True
бензонасос электрический погружной с фильтром,набор деталей,True
 бензонасос электрический погружной со встроенным фильтром,набор деталей,True
 бензонасос электрический погружной с фильтрующим элементом,набор деталей,True
 бензонасос электрический погружной с фильтрацией,набор деталей,True
 бензонасос электрический погружной с системой фильтрации.,набор деталей,True
Бачок насоса ГУР с крышкой и фильтром,набор деталей,True
 Бачок насоса ГУР с крышкой и фильтрующим элементом,набор деталей,True
 Бачок насоса ГУР с крышкой и системой фильтрации.,набор деталей,True
Насос со встроенным топливным фильтром,набор деталей,True
 Насос со встроенным фильтром топлива,набор деталей,True
 Насос с интегрированным фильтром горючего,набор деталей,True
 Насос с внутренним топливным фильтром,набор деталей,True
 Насос с топливным фильтром внутри.,набор деталей,True
Поддон АКПП в сборе с фильтром и прокладкой,набор деталей,True
Поддон АКПП в сборе с фильтроэлементом и прокладкой,набор деталей,True
Поддон АКПП в сборе с фильтровальным элементом и прокладкой,набор деталей,True
Поддон АКПП в сборе с фильтровочным элементом и прокладкой,набор деталей,True
Поддон АКПП в сборе с фильтрующим элементом и прокладкой.,набор деталей,True
поддон автоматической коробки передач с фильтром,набор деталей,True
поддон трансмиссии с фильтром,набор деталей,True
поддон КПП с фильтром,набор деталей,True
поддон коробки-автомат с фильтром,набор деталей,True
поддон передач с фильтром.,набор деталей,True
Фланец топливного бака с фильтром левый,набор деталей,True
 Фланец топливного бака с фильтром для левой стороны,набор деталей,True
 Фланец топливного бака с фильтром слева,набор деталей,True
 Фланец топливного бака с фильтром для левой части,набор деталей,True
 Фланец топливного бака с фильтром с левой стороны.,набор деталей,True
Узел подачи с интегрированным насосом и фильтром,набор деталей,True
Узел подачи с встроенным насосом и фильтровальным элементом,набор деталей,True
Узел подачи с насосом и фильтровальной системой,набор деталей,True
Узел подачи с насосом и фильтрационным устройством,набор деталей,True
Узел подачи с насосом и фильтрационным блоком.,набор деталей,True
Маслоохладитель с фильтром масла,набор деталей,True
 Маслоохладитель с фильтром для масла,набор деталей,True
Подкачивающий насос с фильтром грубой очистки,набор деталей,True
 Подкачивающий насос с фильтром грубого помола,набор деталей,True
 Подкачивающий насос с фильтром грубого отсева,набор деталей,True
 Подкачивающий насос с фильтром грубого разделения,набор деталей,True
 Подкачивающий насос с фильтром грубого просеивания.,набор деталей,True
расширительный бачок с угольным фильтром,набор деталей,True
расширительный бачок с фильтром из активированного угля,набор деталей,True
"расширительный бачок с фильтром, содержащим активированный уголь.",набор деталей,True
Шланг с фильтром жидкости для АКПП,набор деталей,True
 шланг с фильтром для автоматической коробки передач,набор деталей,True
 шланг с фильтром для трансмиссии,набор деталей,True
 шланг с фильтром для АКП,набор деталей,True
 шланг с фильтром для коробки-автомата.,набор деталей,True
Соединение электромагнитного клапана с воздушным фильтром,набор деталей,True
Соединение электромагнитного клапана с воздушным префильтром,набор деталей,True
Крышка корпуса с фильтром первичной очистки,набор деталей,True
Крышка корпуса с фильтром предварительной очистки,набор деталей,True
Крышка корпуса с фильтром базовой очистки,набор деталей,True
Крышка корпуса с фильтром начальной очистки,набор деталей,True
Крышка корпуса с фильтром грубого очищения.,набор деталей,True
 Радиатор масляный с фильтрующим элементом,набор деталей,True
 Радиатор масляный с системой фильтрации,набор деталей,True
 Радиатор масляный с фильтрационной установкой.,набор деталей,True
Патрубок маслозаборный в сборе с сетчатым фильтром,набор деталей,True
 Патрубок маслозаборный в сборе с фильтром-сеткой,набор деталей,True
 Патрубок маслозаборный в сборе с фильтром-ситом,набор деталей,True
 Патрубок маслозаборный в сборе с фильтровальной сеткой,набор деталей,True
 Патрубок маслозаборный в сборе с фильтрующим элементом.,набор деталей,True
Трубка приемная топливного бака с фильтром в сборе,набор деталей,True
Трубка топливного бака с фильтром,набор деталей,True
Трубка топливного бака с фильтрующим элементом,набор деталей,True
Трубка топливного бака с фильтровальной системой,набор деталей,True
Топливный фильтр.,набор деталей,True
Каталитический нейтрализатор с сажевым фильтром,набор деталей,True
 Каталитический нейтрализатор с фильтром для сажи,набор деталей,True
 Катализатор с сажевым фильтром,набор деталей,True
 Каталитический нейтрализатор с фильтром для частиц сажи.,набор деталей,True
трубопровод от топливного бака к фильтру,другая деталь,True
 трубопровод от бака к фильтру,другая деталь,True
 трубопровод от бака к фильтрующему устройству,другая деталь,True
 трубопровод от бензобака к фильтру,другая деталь,True
 трубопровод от бензобака к фильтрующему элементу,другая деталь,True
 подставка модуля управления датчика сажевого фильтра.,другая деталь,True
Трубопровод от фильтра к топливному насосу высокого давления,другая деталь,True
Трубопровод от фильтра к насосу высокого давления,другая деталь,True
Трубопровод от фильтра к топливному насосу,другая деталь,True
Трубопровод от фильтра к двигателю.,другая деталь,True
Трубка от топливного фильтра,другая деталь,True
 трубка от фильтра топлива,другая деталь,True
Маслоохладитель без масляного фильтра,другая деталь,True
 Маслоохладитель без фильтра масла,другая деталь,True
 Маслоохладитель без фильтрации масла,другая деталь,True
 Маслоохладитель без масляного фильтрационного устройства,другая деталь,True
"Трубка в сборе, выхлопная передняя с фильтром частиц, Opel, новая замена",другая деталь,True
"Передняя выхлопная трубка с фильтром частиц, Opel, новая замена",другая деталь,True
"Трубка выхлопная передняя с фильтром частиц, Opel, новая",другая деталь,True
Трубка в сборе выхлопная передняя с фильтром частиц,другая деталь,True
Трубка в сборе выхлопная передняя с фильтром,другая деталь,True
Трубка в сборе выхлопная передняя с фильтром частиц новая замена,другая деталь,True
Трубка в сборе выхлопная передняя с фильтром частиц новая,другая деталь,True
Трубка в сборе выхлопная передняя с фильтром частиц замена.,другая деталь,True
 трубка топливная-белая (для фильтра),другая деталь,True
 трубка топливная-белая (к фильтру),другая деталь,True
 трубка топливная-белая (от бака к фильтру),другая деталь,True
 трубка топливная-белая (для топливного фильтра),другая деталь,True
Кольцо уплотнительное (корпуса масляного фильтра),другая деталь,True
Кольцо уплотнительное (корпуса фильтра масла),другая деталь,True
Кольцо уплотнительное (корпуса фильтрации масла),другая деталь,True
Кольцо уплотнительное (корпуса масляной фильтрации),другая деталь,True
Кольцо уплотнительное (корпуса фильтра масла).,другая деталь,True
 шланг отвода картерных газов к воздушному фильтру,другая деталь,True
 шланг вентиляции картера к воздушному фильтру,другая деталь,True
 теплообменник без масляного фильтра,другая деталь,True
 теплообменник без корпуса масляного фильтра,другая деталь,True
 насос без фильтра,другая деталь,True
 насос без фильтрующего элемента,другая деталь,True
 насос без топливного фильтра.,другая деталь,True
 Трубки к фильтру грубой очистки,другая деталь,True
 Трубки к фильтру,другая деталь,True
 Трубки к грубому фильтру,другая деталь,True
 Трубки к фильтру грубой очистки в сборе,другая деталь,True
 Нейлоновые трубки к фильтру грубой очистки в сборе.,другая деталь,True
Трубки от фильтра к влагоотделителю.,другая деталь,True
 трубка топливная от фильтра тонкой очистки,другая деталь,True
 трубка топливная от фильтра к насосу высокого давления.,другая деталь,True
 Накладка заднего пола проверки топливного фильтра.,другая деталь,True
 трубка от фильтра грубой очистки к фильтру тонкой очистки,другая деталь,True
фильтр освещения щитка приборов,другой вид фильтра,True
 фильтр освещения с выпуклой крышкой,другой вид фильтра,True
 фильтр подсветки щитка приборов,другой вид фильтра,True
 фильтр подсветки с выпуклой крышкой,другой вид фильтра,True
 фильтр света щитка приборов,другой вид фильтра,True
 фильтр света с выпуклой крышкой,другой вид фильтра,True
 фильтр осветительных приборов,другой вид фильтра,True
 фильтр осветительных приборов с выпуклой крышкой,другой вид фильтра,True
 фильтр освещения приборной панели,другой вид фильтра,True
 фильтр освещения приборной панели с выпуклой крышкой.,другой вид фильтра,True
 световой фильтр,другой вид фильтра,True
 фильтр подсветки,другой вид фильтра,True
 фильтр освещения,другой вид фильтра,True
 фильтр света,другой вид фильтра,True
 фильтр для лампы подсветки,другой вид фильтра,True
 фильтр для комбинации приборов,другой вид фильтра,True
 фильтр для освещения комбинации приборов,другой вид фильтра,True
 фильтр для осветительной лампы.,другой вид фильтра,True
 фильтр противотуманной фары,другой вид фильтра,True
 фильтр-рассеиватель,другой вид фильтра,True
 противотуманный фильтр,другой вид фильтра,True
 фильтр-рассеиватель противотуманной фары,другой вид фильтра,True
 фильтр для противотуманной фары,другой вид фильтра,True
 противотуманный фильтр-рассеиватель,другой вид фильтра,True
 фильтр-рассеиватель для противотуманной фары,другой вид фильтра,True
 фильтр противотуманного рассеивателя,другой вид фильтра,True
 фильтр противотуманной оптики.,другой вид фильтра,True
Светофильтр,другой вид фильтра,True
 элемент светофильтра,другой вид фильтра,True
 накладка светофильтра,другой вид фильтра,True
 пластмассовая вставка светофильтра,другой вид фильтра,True
 деталь светофильтра,другой вид фильтра,True
 сменный светофильтр,другой вид фильтра,True
 цветной светофильтр,другой вид фильтра,True
 красный светофильтр,другой вид фильтра,True
 зелёный светофильтр,другой вид фильтра,True
 синий светофильтр.,другой вид фильтра,True
 Светофильтр-насадка,другой вид фильтра,True
 Светофильтр-линза,другой вид фильтра,True
 Светофильтр-отражатель,другой вид фильтра,True
 Светофильтр-преобразователь,другой вид фильтра,True
 Светофильтр-рассеиватель,другой вид фильтра,True
 Светофильтр-регулятор,другой вид фильтра,True
 Светофильтр-уловитель,другой вид фильтра,True
 Светофильтр-фрагмент,другой вид фильтра,True
 Светофильтр-элемент.,другой вид фильтра,True
 Линза светофильтра,другой вид фильтра,True
 Правый световой фильтр,другой вид фильтра,True
 радиофильтр,другой вид фильтра,True
 радиочастотный фильтр,другой вид фильтра,True
 фильтр-поглотитель радиопомех,другой вид фильтра,True
 фильтр-стабилизатор радиопомех,другой вид фильтра,True
 фильтр-ограничитель радиопомех,другой вид фильтра,True
 фильтр-протектор радиопомех,другой вид фильтра,True
 радиофильтр-модулятор,другой вид фильтра,True
 радиофильтр-стабилизатор.,другой вид фильтра,True
 оптический фильтр,другой вид фильтра,True
 фильтр подавления радиопомех,другой вид фильтра,True
 фильтр радиопомех,другой вид фильтра,True
 ультрафиолетовый фильтр,другой вид фильтра,True
 фильтр радиочастот,другой вид фильтра,True
 фильтр радиосигналов,другой вид фильтра,True
 фильтр шумов,другой вид фильтра,True
 фильтр помех,другой вид фильтра,True
 фильтр радиочастотного диапазона,другой вид фильтра,True
 фильтр радиочастотного спектра,другой вид фильтра,True
 фильтр радиоэфира,другой вид фильтра,True
 фильтр радиоизлучения.,другой вид фильтра,True
 видеофильтр,другой вид фильтра,True
 дисплейный фильтр,другой вид фильтра,True
 экранный фильтр,другой вид фильтра,True
 фильтр дисплея,другой вид фильтра,True
Светофильтр комбинированной фары,другой вид фильтра,True
 фильтр-протектор,другой вид фильтра,True
 боковой фильтр-рассеиватель,другой вид фильтра,True
 боковой световой фильтр,другой вид фильтра,True
 боковой фильтр-протектор.,другой вид фильтра,True
 стеклянный фильтр,другой вид фильтра,True
 желтое фильтрующее стекло,другой вид фильтра,True
 желтый светофильтр,другой вид фильтра,True
фильтр света панели приборов,другой вид фильтра,True
световой фильтр щитка приборов,другой вид фильтра,True
светофильтр панели приборов,другой вид фильтра,True
устройство для фильтрации света щитка приборов,другой вид фильтра,True
фильтр освещения с выпуклой крышкой,другой вид фильтра,True
фильтр света с выпуклой верхней частью,другой вид фильтра,True
осветительный фильтр с выпуклой поверхностью,другой вид фильтра,True
фильтр освещения с куполообразной крышкой,другой вид фильтра,True
фильтр света с куполообразным верхом,другой вид фильтра,True
фильтр света,другой вид фильтра,True
светофильтр,другой вид фильтра,True
фильтр для света,другой вид фильтра,True
устройство для фильтрации света,другой вид фильтра,True
прибор для фильтрации световых лучей,другой вид фильтра,True
фильтр для противотуманной фары,другой вид фильтра,True
фильтр для туманоподавляющей фары,другой вид фильтра,True
фильтр для фары против тумана,другой вид фильтра,True
"фильтр для фары, предотвращающей туман",другой вид фильтра,True
фильтр для противотуманного фонаря,другой вид фильтра,True
линза светофильтра,другой вид фильтра,True
линза светового фильтра,другой вид фильтра,True
линза для светофильтра,другой вид фильтра,True
линза фильтра для света,другой вид фильтра,True
линза устройства для фильтрации света,другой вид фильтра,True
радиочастотный фильтр,другой вид фильтра,True
фильтр для радиочастот,другой вид фильтра,True
устройство для фильтрации радиочастот,другой вид фильтра,True
прибор для фильтрации радиоволн,другой вид фильтра,True
фильтр для радиоволн,другой вид фильтра,True
фильтр радиопомех фильтр для радиопомех,другой вид фильтра,True
устройство для фильтрации радиопомех,другой вид фильтра,True
прибор для устранения радиопомех,другой вид фильтра,True
радиопомехоподавляющий фильтр,другой вид фильтра,True
фильтр для подавления радиопомех,другой вид фильтра,True
средство для устранения радиошумов,другой вид фильтра,True
устройство для снижения радиошумов,другой вид фильтра,True
фильтр для снижения радиопомех,другой вид фильтра,True
механизм для подавления радиошумов,другой вид фильтра,True
радиопомехоустраняющий фильтр,другой вид фильтра,True
устройство для устранения радиоинтерференций,другой вид фильтра,True
фильтр для уменьшения радиопомех,другой вид фильтра,True
элемент для подавления радиоинтерференций,другой вид фильтра,True
устройство для снижения уровня радиошумов,другой вид фильтра,True
оптический фильтр,другой вид фильтра,True
фильтр для оптики,другой вид фильтра,True
устройство для фильтрации оптических сигналов,другой вид фильтра,True
фильтр для световых волн,другой вид фильтра,True
Оптический фильтр,другой вид фильтра,True
фильтр для световых волн оптический светофильтр,другой вид фильтра,True
фильтр для оптических сигналов,другой вид фильтра,True
оптический световой фильтр,другой вид фильтра,True
прибор для фильтрации светового излучения,другой вид фильтра,True
устройство для фильтрации видимого спектра,другой вид фильтра,True
фильтр для видимого света,другой вид фильтра,True
оптический светопоглощающий фильтр,другой вид фильтра,True
устройство для поглощения световых волн,другой вид фильтра,True
дисплейный фильтр,другой вид фильтра,True
фильтр для дисплея,другой вид фильтра,True
устройство для фильтрации изображения на дисплее,другой вид фильтра,True
прибор для фильтрации отображаемого контента,другой вид фильтра,True
фильтр для экрана,другой вид фильтра,True
Дисплейный фильтр,другой вид фильтра,True
устройство для фильтрации изображения на экране,другой вид фильтра,True
экранный фильтр,другой вид фильтра,True
устройство для фильтрации изображений на экране,другой вид фильтра,True
фильтр для визуального контента,другой вид фильтра,True
прибор для фильтрации визуальных данных,другой вид фильтра,True
фильтр для отображения информации,другой вид фильтра,True
устройство для фильтрации графических данных,другой вид фильтра,True
фильтр для графического контента,другой вид фильтра,True
прибор для фильтрации видеоконтента,другой вид фильтра,True
устройство для фильтрации видеизображений,другой вид фильтра,True
Радиочастотный фильтр,другой вид фильтра,True
радиочастотный фильтрующий элемент,другой вид фильтра,True
устройство для фильтрации электромагнитных волн,другой вид фильтра,True
прибор для обработки радиосигналов,другой вид фильтра,True
фильтр для электромагнитных колебаний,другой вид фильтра,True
устройство для фильтрации высокочастотных сигналов,другой вид фильтра,True
фильтр для высокочастотных волн,другой вид фильтра,True
радиочастотное фильтрующее устройство,другой вид фильтра,True
прибор для отсеивания радиочастот,другой вид фильтра,True
фильтр для отсеивания радиоволн,другой вид фильтра,True
Трубопровод от подкачивающего насоса к фильтру,другая деталь,True
труба от насоса к очистителю,другая деталь,True
труба от помпы к очищающему устройству,другая деталь,True
труба от качающего устройства к очистителю,другая деталь,True
шланг от насоса до фильтра,другая деталь,True
шланг от помпы до фильтра,другая деталь,True
труба от подкачивающей системы к фильтру,другая деталь,True
шланг от подкачивающего устройства к фильтру,другая деталь,True
линия от насоса до очистителя,другая деталь,True
линия от помпы до очистителя,другая деталь,True
трубопровод от фильтра к топливному насосу высокого давления,другая деталь,True
труба от очистителя к насосу высокого давления,другая деталь,True
шланг от фильтра к насосу высокого давления,другая деталь,True
линия от фильтра к высокому давлению насоса,другая деталь,True
трубопровод от очистителя до насоса высокого давления,другая деталь,True
Трубка от фильтра топлива,другая деталь,True
трубопровод от очистителя топлива,другая деталь,True
шланг от очистителя топлива,другая деталь,True
линия от фильтра топлива,другая деталь,True
трубопровод от фильтра для топлива,другая деталь,True
шланг от фильтра для топлива,другая деталь,True
труба от фильтра для горючего,другая деталь,True
линия от фильтрующего элемента для топлива,другая деталь,True
трубопровод от очистительного устройства для топлива,другая деталь,True
шланг от устройства для очистки топлива,другая деталь,True
маслоохладитель без масляного фильтра,другая деталь,True
охлаждающее устройство масла без фильтра,другая деталь,True
прибор для охлаждения масла без фильтрующего элемента,другая деталь,True
"устройство для охлаждения масла, не имеющее фильтра",другая деталь,True
охладитель масла без фильтрации,другая деталь,True
"передняя выхлопная труба с фильтром частиц для Opel, новая деталь",другая деталь,True
"передний выхлопной элемент с фильтром частиц Opel, новая установка",другая деталь,True
"передняя часть выхлопной системы с фильтром частиц для Opel, новый компонент",другая деталь,True
"передняя труба выхлопа с фильтром частиц для автомобиля Opel, новая часть",другая деталь,True
Трубка топливная-белая (для фильтра),другая деталь,True
белая труба для подачи топлива к фильтру,другая деталь,True
белый шланг для подачи топлива к очистителю,другая деталь,True
белая линия для подачи топлива к устройству фильтрации,другая деталь,True
белая труба для топлива к фильтру,другая деталь,True
белый шланг для топлива к фильтру,другая деталь,True
белая труба для подачи топлива к очистительному элементу,другая деталь,True
белый шланг для подачи топлива к очистительному устройству,другая деталь,True
кольцо уплотнительное (корпуса фильтра масла),другая деталь,True
уплотнительное кольцо для корпуса масляного фильтра,другая деталь,True
уплотнение для корпуса фильтра масла,другая деталь,True
кольцевое уплотнение корпуса масляного фильтра,другая деталь,True
уплотняющее кольцо для корпуса фильтра масла,другая деталь,True
трубопровод от фильтра к ТНВД,другая деталь,True
труба от очистителя к топливному насосу высокого давления,другая деталь,True
шланг от фильтра к топливному насосу высокого давления,другая деталь,True
труба от фильтра к насосу высокого давления,другая деталь,True
шланг от фильтра до насоса высокого давления,другая деталь,True
линия от фильтрующего элемента до насоса высокого давления,другая деталь,True
трубопровод от фильтра к устройству высокого давления,другая деталь,True
шланг от фильтра к устройству высокого давления,другая деталь,True
линия от фильтра к системе высокого давления,другая деталь,True
трубопровод от фильтра к системе высокого давления,другая деталь,True
шланг от фильтра к системе высокого давления,другая деталь,True
линия от фильтра к насосу высокого давления,другая деталь,True
трубопровод от фильтра к механизму высокого давления,другая деталь,True
нейлоновые трубки к фильтру грубой очистки в сборе,другая деталь,True
нейлоновые шланги к фильтру грубой очистки,другая деталь,True
нейлоновые линии к фильтру грубой очистки,другая деталь,True
нейлоновые элементы к фильтру грубой очистки,другая деталь,True
нейлоновые компоненты к фильтру грубой очистки,другая деталь,True
РАДИО И ПРОИГРЫВАТЕЛЬ КОМПАКТ-ДИСКОВ,другая деталь,True
радиоприемник и CD-проигрыватель,другая деталь,True
радиоустройство и проигрыватель компакт-дисков,другая деталь,True
радиоаппаратура и CD-плеер,другая деталь,True
радиоприемник и устройство для воспроизведения компакт-дисков,другая деталь,True
радиостанция и CD-проигрыватель,другая деталь,True
радиоприемник и CD-плеер,другая деталь,True
воздуховод (от фильтра к инжектору),другая деталь,True
трубопровод от фильтра к инжектору,другая деталь,True
шланг от фильтра к инжектору,другая деталь,True
линия от фильтра к инжекторному устройству,другая деталь,True
трубопровод от очистителя к инжектору,другая деталь,True
"жгут проводов, используемый с фильтром",другая деталь,True
набор проводов для использования с фильтром,другая деталь,True
комплект проводов для работы с фильтром,другая деталь,True
система проводов для соединения с фильтром,другая деталь,True
жгут проводов для подключения к фильтру,другая деталь,True
набор проводов для подключения к фильтру,другая деталь,True
комплект проводов для соединения с фильтром,другая деталь,True
система проводов для работы с фильтром,другая деталь,True
жгут проводов для взаимодействия с фильтром,другая деталь,True
набор проводов для взаимодействия с фильтром,другая деталь,True
комплект проводов для интеграции с фильтром,другая деталь,True
система проводов для интеграции с фильтром,другая деталь,True
жгут проводов для коммуникации с фильтром,другая деталь,True
набор проводов для коммуникации с фильтром,другая деталь,True
комплект проводов для коммуникации с фильтром,другая деталь,True
"панель, проверки топливного фильтра",другая деталь,True
панель для проверки топливного фильтра,другая деталь,True
устройство для проверки топливного фильтра,другая деталь,True
прибор для контроля состояния топливного фильтра,другая деталь,True
панель для тестирования топливного фильтра,другая деталь,True
"радиоприемник, проигрыватель компакт-дисков и мобильный телефон",другая деталь,True
"радиоустройство, CD-плеер и смартфон",другая деталь,True
"радиоаппаратура, CD-проигрыватель и сотовый телефон",другая деталь,True
"радиостанция, CD-плеер и мобильное устройство связи",другая деталь,True
"радиоприемник, CD-плеер и портативный телефон",другая деталь,True
"радиоприемник, CD-плеер и мобильное устройство",другая деталь,True
"радиоустройство, CD-проигрыватель и мобильное устройство",другая деталь,True
"радиоаппаратура, CD-плеер и портативное устройство связи",другая деталь,True
"радиостанция, CD-проигрыватель и портативное устройство",другая деталь,True
"радиоприемник, CD-проигрыватель и мобильное устройство",другая деталь,True
накладка заднего пола проверки топливного фильтра,другая деталь,True
панель заднего пола для проверки топливного фильтра,другая деталь,True
элемент заднего пола для контроля топливного фильтра,другая деталь,True
устройство заднего пола для тестирования топливного фильтра,другая деталь,True
накладка заднего пола для проверки состояния топливного фильтра,другая деталь,True
панель заднего пола для тестирования топливного фильтра,другая деталь,True
элемент заднего пола для контроля состояния топливного фильтра,другая деталь,True
устройство заднего пола для проверки топливного фильтра,другая деталь,True
накладка заднего пола для тестирования топливного фильтра,другая деталь,True
панель заднего пола для диагностики топливного фильтра,другая деталь,True
"кронштейн, модуля управления датчика сажевого фильтра",другая деталь,True
"крепление, модуля управления датчиком сажевого фильтра",другая деталь,True
"держатель, модуля управления датчика сажистого фильтра",другая деталь,True
"фиксатор, модуля управления сенсором сажевого фильтра",другая деталь,True
"опора, модуля управления сажевым фильтром",другая деталь,True
"основание, модуля управления датчиком сажевого фильтра",другая деталь,True
"поддержка, модуля управления датчиком сажевого фильтра",другая деталь,True
"опорная конструкция, модуля управления сажевым фильтром",другая деталь,True
"крепёжная деталь, модуля управления сенсором сажи",другая деталь,True
"фиксирующая часть, модуля управления сажевым фильтром",другая деталь,True
